ukbb_trait,icd10_code,icd10_description,mapping_tier,mapping_source,source_note
Food weight,,,no_icd_mapping,,"Non-clinical phenotype: biomarker, imaging, lifestyle, or questionnaire field"
Energy,,,no_icd_mapping,,"Non-clinical phenotype: biomarker, imaging, lifestyle, or questionnaire field"
Portion size,,,no_icd_mapping,,"Non-clinical phenotype: biomarker, imaging, lifestyle, or questionnaire field"
Iron,,,no_icd_mapping,,"Non-clinical phenotype: biomarker, imaging, lifestyle, or questionnaire field"
Potassium,,,no_icd_mapping,,"Non-clinical phenotype: biomarker, imaging, lifestyle, or questionnaire field"
Magnesium,,,no_icd_mapping,,"Non-clinical phenotype: biomarker, imaging, lifestyle, or questionnaire field"
Frequency of light DIY in last 4 weeks,,,no_icd_mapping,,"Non-clinical phenotype: biomarker, imaging, lifestyle, or questionnaire field"
"Pulse rate, automated reading",,,no_icd_mapping,,"Non-clinical phenotype: biomarker, imaging, lifestyle, or questionnaire field"
Duration of light DIY,,,no_icd_mapping,,"Non-clinical phenotype: biomarker, imaging, lifestyle, or questionnaire field"
Frequency of friend/family visits,,,no_icd_mapping,,"Non-clinical phenotype: biomarker, imaging, lifestyle, or questionnaire field"
Time spend outdoors in summer,,,no_icd_mapping,,"Non-clinical phenotype: biomarker, imaging, lifestyle, or questionnaire field"
Time spent outdoors in winter,,,no_icd_mapping,,"Non-clinical phenotype: biomarker, imaging, lifestyle, or questionnaire field"
Time spent watching television (TV),,,no_icd_mapping,,"Non-clinical phenotype: biomarker, imaging, lifestyle, or questionnaire field"
Time spent using computer,,,no_icd_mapping,,"Non-clinical phenotype: biomarker, imaging, lifestyle, or questionnaire field"
Time spent driving,,,no_icd_mapping,,"Non-clinical phenotype: biomarker, imaging, lifestyle, or questionnaire field"
Drive faster than motorway speed limit,,,no_icd_mapping,,"Non-clinical phenotype: biomarker, imaging, lifestyle, or questionnaire field"
"Invitation to complete online 24-hour recall dietary questionnaire, acceptance",,,no_icd_mapping,,"Non-clinical phenotype: biomarker, imaging, lifestyle, or questionnaire field"
Length of mobile phone use,,,no_icd_mapping,,"Non-clinical phenotype: biomarker, imaging, lifestyle, or questionnaire field"
Weekly usage of mobile phone in last 3 months,,,no_icd_mapping,,"Non-clinical phenotype: biomarker, imaging, lifestyle, or questionnaire field"
Hands-free device/speakerphone use with mobile phone in last 3 month,,,no_icd_mapping,,"Non-clinical phenotype: biomarker, imaging, lifestyle, or questionnaire field"
Difference in mobile phone use compared to two years previously,,,no_icd_mapping,,"Non-clinical phenotype: biomarker, imaging, lifestyle, or questionnaire field"
Usual side of head for mobile phone use: Left,,,no_icd_mapping,,"Non-clinical phenotype: biomarker, imaging, lifestyle, or questionnaire field"
Usual side of head for mobile phone use: Right,,,no_icd_mapping,,"Non-clinical phenotype: biomarker, imaging, lifestyle, or questionnaire field"
Usual side of head for mobile phone use: Equally left and right,,,no_icd_mapping,,"Non-clinical phenotype: biomarker, imaging, lifestyle, or questionnaire field"
Sleep duration,,,no_icd_mapping,,"Non-clinical phenotype: biomarker, imaging, lifestyle, or questionnaire field"
Getting up in morning,,,no_icd_mapping,,"Non-clinical phenotype: biomarker, imaging, lifestyle, or questionnaire field"
Morning/evening person (chronotype),,,no_icd_mapping,,"Non-clinical phenotype: biomarker, imaging, lifestyle, or questionnaire field"
Nap during day,,,no_icd_mapping,,"Non-clinical phenotype: biomarker, imaging, lifestyle, or questionnaire field"
Sleeplessness / insomnia,,,no_icd_mapping,,"Non-clinical phenotype: biomarker, imaging, lifestyle, or questionnaire field"
Snoring,,,no_icd_mapping,,"Non-clinical phenotype: biomarker, imaging, lifestyle, or questionnaire field"
Daytime dozing / sleeping (narcolepsy),,,no_icd_mapping,,"Non-clinical phenotype: biomarker, imaging, lifestyle, or questionnaire field"
Current tobacco smoking,,,no_icd_mapping,,"Non-clinical phenotype: biomarker, imaging, lifestyle, or questionnaire field"
Past tobacco smoking,,,no_icd_mapping,,"Non-clinical phenotype: biomarker, imaging, lifestyle, or questionnaire field"
Smoking/smokers in household,,,no_icd_mapping,,"Non-clinical phenotype: biomarker, imaging, lifestyle, or questionnaire field"
Exposure to tobacco smoke at home,,,no_icd_mapping,,"Non-clinical phenotype: biomarker, imaging, lifestyle, or questionnaire field"
Exposure to tobacco smoke outside home,,,no_icd_mapping,,"Non-clinical phenotype: biomarker, imaging, lifestyle, or questionnaire field"
Cooked vegetable intake,,,no_icd_mapping,,"Non-clinical phenotype: biomarker, imaging, lifestyle, or questionnaire field"
Place of birth in UK - north co-ordinate,,,no_icd_mapping,,"Non-clinical phenotype: biomarker, imaging, lifestyle, or questionnaire field"
Salad / raw vegetable intake,,,no_icd_mapping,,"Non-clinical phenotype: biomarker, imaging, lifestyle, or questionnaire field"
Fresh fruit intake,,,no_icd_mapping,,"Non-clinical phenotype: biomarker, imaging, lifestyle, or questionnaire field"
Dried fruit intake,,,no_icd_mapping,,"Non-clinical phenotype: biomarker, imaging, lifestyle, or questionnaire field"
Oily fish intake,,,no_icd_mapping,,"Non-clinical phenotype: biomarker, imaging, lifestyle, or questionnaire field"
Non-oily fish intake,,,no_icd_mapping,,"Non-clinical phenotype: biomarker, imaging, lifestyle, or questionnaire field"
Number of self-reported cancers,C80,Malignant neoplasm without specification of site,manual_clinical,UKB_Resource593,Field 134 count of self-reported cancers
Processed meat intake,,,no_icd_mapping,,"Non-clinical phenotype: biomarker, imaging, lifestyle, or questionnaire field"
Number of self-reported non-cancer illnesses,,,no_icd_mapping,,"Non-clinical phenotype: biomarker, imaging, lifestyle, or questionnaire field"
Poultry intake,,,no_icd_mapping,,"Non-clinical phenotype: biomarker, imaging, lifestyle, or questionnaire field"
"Number of operations, self-reported",,,no_icd_mapping,,"Non-clinical phenotype: biomarker, imaging, lifestyle, or questionnaire field"
Beef intake,,,no_icd_mapping,,"Non-clinical phenotype: biomarker, imaging, lifestyle, or questionnaire field"
Number of treatments/medications taken,,,no_icd_mapping,,"Non-clinical phenotype: biomarker, imaging, lifestyle, or questionnaire field"
Lamb/mutton intake,,,no_icd_mapping,,"Non-clinical phenotype: biomarker, imaging, lifestyle, or questionnaire field"
Pork intake,,,no_icd_mapping,,"Non-clinical phenotype: biomarker, imaging, lifestyle, or questionnaire field"
Cheese intake,,,no_icd_mapping,,"Non-clinical phenotype: biomarker, imaging, lifestyle, or questionnaire field"
Milk type used: Full cream,,,no_icd_mapping,,"Non-clinical phenotype: biomarker, imaging, lifestyle, or questionnaire field"
Milk type used: Semi-skimmed,,,no_icd_mapping,,"Non-clinical phenotype: biomarker, imaging, lifestyle, or questionnaire field"
Milk type used: Skimmed,,,no_icd_mapping,,"Non-clinical phenotype: biomarker, imaging, lifestyle, or questionnaire field"
Milk type used: Soya,,,no_icd_mapping,,"Non-clinical phenotype: biomarker, imaging, lifestyle, or questionnaire field"
Milk type used: Never/rarely have milk,,,no_icd_mapping,,"Non-clinical phenotype: biomarker, imaging, lifestyle, or questionnaire field"
Spread type: Never/rarely use spread,,,no_icd_mapping,,"Non-clinical phenotype: biomarker, imaging, lifestyle, or questionnaire field"
Spread type: Butter/spreadable butter,,,no_icd_mapping,,"Non-clinical phenotype: biomarker, imaging, lifestyle, or questionnaire field"
Spread type: Other type of spread/margarine,,,no_icd_mapping,,"Non-clinical phenotype: biomarker, imaging, lifestyle, or questionnaire field"
Bread intake,,,no_icd_mapping,,"Non-clinical phenotype: biomarker, imaging, lifestyle, or questionnaire field"
Bread type: White,,,no_icd_mapping,,"Non-clinical phenotype: biomarker, imaging, lifestyle, or questionnaire field"
Bread type: Wholemeal or wholegrain,,,no_icd_mapping,,"Non-clinical phenotype: biomarker, imaging, lifestyle, or questionnaire field"
Cereal intake,,,no_icd_mapping,,"Non-clinical phenotype: biomarker, imaging, lifestyle, or questionnaire field"
"Cereal type: Oat cereal (e.g. Ready Brek, porridge)",,,no_icd_mapping,,"Non-clinical phenotype: biomarker, imaging, lifestyle, or questionnaire field"
Cereal type: Muesli,,,no_icd_mapping,,"Non-clinical phenotype: biomarker, imaging, lifestyle, or questionnaire field"
"Cereal type: Other (e.g. Cornflakes, Frosties)",,,no_icd_mapping,,"Non-clinical phenotype: biomarker, imaging, lifestyle, or questionnaire field"
Salt added to food,,,no_icd_mapping,,"Non-clinical phenotype: biomarker, imaging, lifestyle, or questionnaire field"
Tea intake,,,no_icd_mapping,,"Non-clinical phenotype: biomarker, imaging, lifestyle, or questionnaire field"
Coffee intake,,,no_icd_mapping,,"Non-clinical phenotype: biomarker, imaging, lifestyle, or questionnaire field"
Coffee type: Decaffeinated coffee (any type),,,no_icd_mapping,,"Non-clinical phenotype: biomarker, imaging, lifestyle, or questionnaire field"
Coffee type: Instant coffee,,,no_icd_mapping,,"Non-clinical phenotype: biomarker, imaging, lifestyle, or questionnaire field"
"Coffee type: Ground coffee (include espresso, filter etc)",,,no_icd_mapping,,"Non-clinical phenotype: biomarker, imaging, lifestyle, or questionnaire field"
Hot drink temperature,,,no_icd_mapping,,"Non-clinical phenotype: biomarker, imaging, lifestyle, or questionnaire field"
Water intake,,,no_icd_mapping,,"Non-clinical phenotype: biomarker, imaging, lifestyle, or questionnaire field"
Major dietary changes in the last 5 years: No,,,no_icd_mapping,,"Non-clinical phenotype: biomarker, imaging, lifestyle, or questionnaire field"
"Major dietary changes in the last 5 years: Yes, because of illness",,,no_icd_mapping,,"Non-clinical phenotype: biomarker, imaging, lifestyle, or questionnaire field"
"Major dietary changes in the last 5 years: Yes, because of other reasons",,,no_icd_mapping,,"Non-clinical phenotype: biomarker, imaging, lifestyle, or questionnaire field"
Variation in diet,,,no_icd_mapping,,"Non-clinical phenotype: biomarker, imaging, lifestyle, or questionnaire field"
Alcohol intake frequency.,,,no_icd_mapping,,"Non-clinical phenotype: biomarker, imaging, lifestyle, or questionnaire field"
Average weekly red wine intake,,,no_icd_mapping,,"Non-clinical phenotype: biomarker, imaging, lifestyle, or questionnaire field"
Average weekly champagne plus white wine intake,,,no_icd_mapping,,"Non-clinical phenotype: biomarker, imaging, lifestyle, or questionnaire field"
Average weekly beer plus cider intake,,,no_icd_mapping,,"Non-clinical phenotype: biomarker, imaging, lifestyle, or questionnaire field"
Average weekly spirits intake,,,no_icd_mapping,,"Non-clinical phenotype: biomarker, imaging, lifestyle, or questionnaire field"
Alcohol usually taken with meals,,,no_icd_mapping,,"Non-clinical phenotype: biomarker, imaging, lifestyle, or questionnaire field"
Alcohol intake versus 10 years previously,,,no_icd_mapping,,"Non-clinical phenotype: biomarker, imaging, lifestyle, or questionnaire field"
Breastfed as a baby,,,no_icd_mapping,,"Non-clinical phenotype: biomarker, imaging, lifestyle, or questionnaire field"
Comparative body size at age 10,,,no_icd_mapping,,"Non-clinical phenotype: biomarker, imaging, lifestyle, or questionnaire field"
Comparative height size at age 10,,,no_icd_mapping,,"Non-clinical phenotype: biomarker, imaging, lifestyle, or questionnaire field"
Facial ageing,,,no_icd_mapping,,"Non-clinical phenotype: biomarker, imaging, lifestyle, or questionnaire field"
Maternal smoking around birth,,,no_icd_mapping,,"Non-clinical phenotype: biomarker, imaging, lifestyle, or questionnaire field"
Father's age at death,,,no_icd_mapping,,"Non-clinical phenotype: biomarker, imaging, lifestyle, or questionnaire field"
Number of full brothers,,,no_icd_mapping,,"Non-clinical phenotype: biomarker, imaging, lifestyle, or questionnaire field"
Number of full sisters,,,no_icd_mapping,,"Non-clinical phenotype: biomarker, imaging, lifestyle, or questionnaire field"
Townsend deprivation index at recruitment,,,no_icd_mapping,,"Non-clinical phenotype: biomarker, imaging, lifestyle, or questionnaire field"
Mood swings,,,no_icd_mapping,,"Non-clinical phenotype: biomarker, imaging, lifestyle, or questionnaire field"
Miserableness,,,no_icd_mapping,,"Non-clinical phenotype: biomarker, imaging, lifestyle, or questionnaire field"
Irritability,,,no_icd_mapping,,"Non-clinical phenotype: biomarker, imaging, lifestyle, or questionnaire field"
Sensitivity / hurt feelings,,,no_icd_mapping,,"Non-clinical phenotype: biomarker, imaging, lifestyle, or questionnaire field"
Fed-up feelings,,,no_icd_mapping,,"Non-clinical phenotype: biomarker, imaging, lifestyle, or questionnaire field"
Nervous feelings,,,no_icd_mapping,,"Non-clinical phenotype: biomarker, imaging, lifestyle, or questionnaire field"
Worrier / anxious feelings,,,no_icd_mapping,,"Non-clinical phenotype: biomarker, imaging, lifestyle, or questionnaire field"
Tense / 'highly strung',,,no_icd_mapping,,"Non-clinical phenotype: biomarker, imaging, lifestyle, or questionnaire field"
Worry too long after embarrassment,,,no_icd_mapping,,"Non-clinical phenotype: biomarker, imaging, lifestyle, or questionnaire field"
"Non-cancer illness code, self-reported: hypertension",I10,Essential (primary) hypertension,manual_clinical,UKB_Resource593,Self-reported code 1065 -> I10
"Non-cancer illness code, self-reported: angina",I20,Angina pectoris,manual_clinical,UKB_Resource593,Self-reported code 1074 -> I20
"Non-cancer illness code, self-reported: heart attack/myocardial infarction",I21,ST elevation (STEMI) myocardial infarction of anterior wall,manual_clinical,UKB_Resource593,Self-reported code 1075 -> I21
"Non-cancer illness code, self-reported: deep venous thrombosis (dvt)",I80,Phlebitis and thrombophlebitis of superficial vessels of lower extremities,manual_clinical,UKB_Resource593,Self-reported code 1094 -> I80
"Non-cancer illness code, self-reported: asthma",J45,Mild intermittent asthma,manual_clinical,UKB_Resource593,Self-reported code 1111 -> J45
"Non-cancer illness code, self-reported: gastro-oesophageal reflux (gord) / gastric reflux",K21,Gastro-esophageal reflux disease,manual_clinical,UKB_Resource593,Self-reported code 1138 -> K21
"Non-cancer illness code, self-reported: diabetes",E11,Type 2 diabetes mellitus with hyperosmolarity,manual_clinical,UKB_Resource593,Self-reported code 1220 -> E11
"Non-cancer illness code, self-reported: hypothyroidism/myxoedema",E03,Other hypothyroidism,manual_clinical,UKB_Resource593,Self-reported code 1226 -> E03
"Non-cancer illness code, self-reported: migraine",G43,"Migraine without aura, not intractable",manual_clinical,UKB_Resource593,Self-reported code 1265 -> G43
"Non-cancer illness code, self-reported: depression",F32,"Major depressive disorder, single episode",manual_clinical,UKB_Resource593,Self-reported code 1286 -> F32
"Non-cancer illness code, self-reported: osteoporosis",M81,Osteoporosis without current pathological fracture,manual_clinical,UKB_Resource593,Self-reported code 1309 -> M81
"Non-cancer illness code, self-reported: hayfever/allergic rhinitis",J30,Vasomotor and allergic rhinitis,manual_clinical,UKB_Resource593,Self-reported code 1387 -> J30
"Non-cancer illness code, self-reported: osteoarthritis",M19,"Primary osteoarthritis, shoulder",manual_clinical,UKB_Resource593,Self-reported code 1465 -> M19
"Non-cancer illness code, self-reported: high cholesterol",E78,Pure hypercholesterolemia,manual_clinical,UKB_Resource593,Self-reported code 1473 -> E78
"Non-cancer illness code, self-reported: hiatus hernia",K44,Diaphragmatic hernia,manual_clinical,UKB_Resource593,Self-reported code 1474 -> K44
Treatment/medication code: lisinopril,,,no_icd_mapping,,"Non-clinical phenotype: biomarker, imaging, lifestyle, or questionnaire field"
Treatment/medication code: ramipril,,,no_icd_mapping,,"Non-clinical phenotype: biomarker, imaging, lifestyle, or questionnaire field"
Treatment/medication code: simvastatin,,,no_icd_mapping,,"Non-clinical phenotype: biomarker, imaging, lifestyle, or questionnaire field"
Treatment/medication code: ventolin 100micrograms inhaler,,,no_icd_mapping,,"Non-clinical phenotype: biomarker, imaging, lifestyle, or questionnaire field"
Treatment/medication code: lansoprazole,,,no_icd_mapping,,"Non-clinical phenotype: biomarker, imaging, lifestyle, or questionnaire field"
Treatment/medication code: omeprazole,,,no_icd_mapping,,"Non-clinical phenotype: biomarker, imaging, lifestyle, or questionnaire field"
Treatment/medication code: atenolol,,,no_icd_mapping,,"Non-clinical phenotype: biomarker, imaging, lifestyle, or questionnaire field"
Treatment/medication code: aspirin,,,no_icd_mapping,,"Non-clinical phenotype: biomarker, imaging, lifestyle, or questionnaire field"
Treatment/medication code: ibuprofen,,,no_icd_mapping,,"Non-clinical phenotype: biomarker, imaging, lifestyle, or questionnaire field"
Treatment/medication code: amlodipine,,,no_icd_mapping,,"Non-clinical phenotype: biomarker, imaging, lifestyle, or questionnaire field"
Treatment/medication code: diclofenac,,,no_icd_mapping,,"Non-clinical phenotype: biomarker, imaging, lifestyle, or questionnaire field"
Treatment/medication code: metformin,,,no_icd_mapping,,"Non-clinical phenotype: biomarker, imaging, lifestyle, or questionnaire field"
Treatment/medication code: co-codamol,,,no_icd_mapping,,"Non-clinical phenotype: biomarker, imaging, lifestyle, or questionnaire field"
Treatment/medication code: atorvastatin,,,no_icd_mapping,,"Non-clinical phenotype: biomarker, imaging, lifestyle, or questionnaire field"
Treatment/medication code: levothyroxine sodium,,,no_icd_mapping,,"Non-clinical phenotype: biomarker, imaging, lifestyle, or questionnaire field"
Treatment/medication code: bendroflumethiazide,,,no_icd_mapping,,"Non-clinical phenotype: biomarker, imaging, lifestyle, or questionnaire field"
Treatment/medication code: paracetamol,,,no_icd_mapping,,"Non-clinical phenotype: biomarker, imaging, lifestyle, or questionnaire field"
Sitting height,,,no_icd_mapping,,"Non-clinical phenotype: biomarker, imaging, lifestyle, or questionnaire field"
Fluid intelligence score,,,no_icd_mapping,,"Non-clinical phenotype: biomarker, imaging, lifestyle, or questionnaire field"
Prospective memory result,,,no_icd_mapping,,"Non-clinical phenotype: biomarker, imaging, lifestyle, or questionnaire field"
Birth weight,,,no_icd_mapping,,"Non-clinical phenotype: biomarker, imaging, lifestyle, or questionnaire field"
Mean time to correctly identify matches,,,no_icd_mapping,,"Non-clinical phenotype: biomarker, imaging, lifestyle, or questionnaire field"
Home location at assessment - north co-ordinate (rounded),,,no_icd_mapping,,"Non-clinical phenotype: biomarker, imaging, lifestyle, or questionnaire field"
Number of diet questionnaires completed,,,no_icd_mapping,,"Non-clinical phenotype: biomarker, imaging, lifestyle, or questionnaire field"
Suffer from 'nerves',,,no_icd_mapping,,"Non-clinical phenotype: biomarker, imaging, lifestyle, or questionnaire field"
Illnesses of father: Heart disease,I25,Atherosclerotic heart disease of native coronary artery,manual_clinical,UKB_Resource593,Field 20107 family history heart disease -> I25
Illnesses of father: None of the above (group 1),,,no_icd_mapping,,"Non-clinical phenotype: biomarker, imaging, lifestyle, or questionnaire field"
Illnesses of father: None of the above (group 2),,,no_icd_mapping,,"Non-clinical phenotype: biomarker, imaging, lifestyle, or questionnaire field"
Illnesses of father: Prostate cancer,C61,Malignant neoplasm of prostate,manual_clinical,UKB_Resource593,Field 20107 family history prostate cancer -> C61
Illnesses of father: Lung cancer,C34,Malignant neoplasm of main bronchus,manual_clinical,UKB_Resource593,Field 20107 family history lung cancer -> C34
Illnesses of father: Chronic bronchitis/emphysema,J44,Other chronic obstructive pulmonary disease,manual_clinical,UKB_Resource593,Field 20107 family history COPD -> J44
Illnesses of father: High blood pressure,,,no_icd_mapping,,"Non-clinical phenotype: biomarker, imaging, lifestyle, or questionnaire field"
Illnesses of father: Diabetes,E11,Type 2 diabetes mellitus with hyperosmolarity,manual_clinical,UKB_Resource593,Field 20107 family history diabetes -> E11
Illnesses of mother: Heart disease,I25,Atherosclerotic heart disease of native coronary artery,manual_clinical,UKB_Resource593,Field 20110 family history heart disease -> I25
Illnesses of mother: None of the above (group 1),,,no_icd_mapping,,"Non-clinical phenotype: biomarker, imaging, lifestyle, or questionnaire field"
Illnesses of mother: Chronic bronchitis/emphysema,J44,Other chronic obstructive pulmonary disease,manual_clinical,UKB_Resource593,Field 20110 family history COPD -> J44
Illnesses of mother: High blood pressure,,,no_icd_mapping,,"Non-clinical phenotype: biomarker, imaging, lifestyle, or questionnaire field"
Illnesses of mother: Diabetes,E11,Type 2 diabetes mellitus with hyperosmolarity,manual_clinical,UKB_Resource593,Field 20110 family history diabetes -> E11
Illnesses of siblings: Heart disease,I25,Atherosclerotic heart disease of native coronary artery,manual_clinical,UKB_Resource593,Field 20111 family history heart disease -> I25
Illnesses of siblings: None of the above (group 1),,,no_icd_mapping,,"Non-clinical phenotype: biomarker, imaging, lifestyle, or questionnaire field"
Illnesses of siblings: Severe depression,F32,"Major depressive disorder, single episode",manual_clinical,UKB_Resource593,Field 20111 family history severe depression -> F32
Illnesses of siblings: High blood pressure,,,no_icd_mapping,,"Non-clinical phenotype: biomarker, imaging, lifestyle, or questionnaire field"
Illnesses of siblings: Diabetes,E11,Type 2 diabetes mellitus with hyperosmolarity,manual_clinical,UKB_Resource593,Field 20111 family history diabetes -> E11
Smoking status: Never,,,no_icd_mapping,,"Non-clinical phenotype: biomarker, imaging, lifestyle, or questionnaire field"
Smoking status: Previous,,,no_icd_mapping,,"Non-clinical phenotype: biomarker, imaging, lifestyle, or questionnaire field"
Smoking status: Current,,,no_icd_mapping,,"Non-clinical phenotype: biomarker, imaging, lifestyle, or questionnaire field"
Alcohol drinker status: Never,,,no_icd_mapping,,"Non-clinical phenotype: biomarker, imaging, lifestyle, or questionnaire field"
Alcohol drinker status: Previous,,,no_icd_mapping,,"Non-clinical phenotype: biomarker, imaging, lifestyle, or questionnaire field"
Alcohol drinker status: Current,,,no_icd_mapping,,"Non-clinical phenotype: biomarker, imaging, lifestyle, or questionnaire field"
Home area population density - urban or rural: Scotland - Large Urban Area,,,no_icd_mapping,,"Non-clinical phenotype: biomarker, imaging, lifestyle, or questionnaire field"
Bipolar and major depression status: No Bipolar or Depression,F31,Bipolar disorder,manual_clinical,Neale_GWAS_ICD10,Neale Lab ICD10 phenotype F31 bipolar composite
Neuroticism score,,,no_icd_mapping,,"Non-clinical phenotype: biomarker, imaging, lifestyle, or questionnaire field"
Number of fluid intelligence questions attempted within time limit,,,no_icd_mapping,,"Non-clinical phenotype: biomarker, imaging, lifestyle, or questionnaire field"
"Forced expiratory volume in 1-second (FEV1), Best measure",,,no_icd_mapping,,"Non-clinical phenotype: biomarker, imaging, lifestyle, or questionnaire field"
"Forced vital capacity (FVC), Best measure",,,no_icd_mapping,,"Non-clinical phenotype: biomarker, imaging, lifestyle, or questionnaire field"
Reproduciblity of spirometry measurement using ERS/ATS criteria,,,no_icd_mapping,,"Non-clinical phenotype: biomarker, imaging, lifestyle, or questionnaire field"
"Forced expiratory volume in 1-second (FEV1), predicted",,,no_icd_mapping,,"Non-clinical phenotype: biomarker, imaging, lifestyle, or questionnaire field"
"Forced expiratory volume in 1-second (FEV1), predicted percentage",,,no_icd_mapping,,"Non-clinical phenotype: biomarker, imaging, lifestyle, or questionnaire field"
Ever smoked,,,no_icd_mapping,,"Non-clinical phenotype: biomarker, imaging, lifestyle, or questionnaire field"
"Loneliness, isolation",,,no_icd_mapping,,"Non-clinical phenotype: biomarker, imaging, lifestyle, or questionnaire field"
Guilty feelings,,,no_icd_mapping,,"Non-clinical phenotype: biomarker, imaging, lifestyle, or questionnaire field"
Risk taking,,,no_icd_mapping,,"Non-clinical phenotype: biomarker, imaging, lifestyle, or questionnaire field"
Amount of alcohol drunk on a typical drinking day,,,no_icd_mapping,,"Non-clinical phenotype: biomarker, imaging, lifestyle, or questionnaire field"
Frequency of drinking alcohol,,,no_icd_mapping,,"Non-clinical phenotype: biomarker, imaging, lifestyle, or questionnaire field"
Frequency of consuming six or more units of alcohol,,,no_icd_mapping,,"Non-clinical phenotype: biomarker, imaging, lifestyle, or questionnaire field"
"Ever felt worried, tense, or anxious for most of a month or longer",,,no_icd_mapping,,"Non-clinical phenotype: biomarker, imaging, lifestyle, or questionnaire field"
Ever worried more than most people would in similar situation,,,no_icd_mapping,,"Non-clinical phenotype: biomarker, imaging, lifestyle, or questionnaire field"
Ever had prolonged loss of interest in normal activities,,,no_icd_mapping,,"Non-clinical phenotype: biomarker, imaging, lifestyle, or questionnaire field"
Ever had prolonged feelings of sadness or depression,F32,"Major depressive disorder, single episode",manual_clinical,UKB_Resource593,Field 4598 depression screen -> F32
Ever taken cannabis,,,no_icd_mapping,,"Non-clinical phenotype: biomarker, imaging, lifestyle, or questionnaire field"
General happiness,,,no_icd_mapping,,"Non-clinical phenotype: biomarker, imaging, lifestyle, or questionnaire field"
General happiness with own health,,,no_icd_mapping,,"Non-clinical phenotype: biomarker, imaging, lifestyle, or questionnaire field"
Belief that own life is meaningful,,,no_icd_mapping,,"Non-clinical phenotype: biomarker, imaging, lifestyle, or questionnaire field"
Ever thought that life not worth living,,,no_icd_mapping,,"Non-clinical phenotype: biomarker, imaging, lifestyle, or questionnaire field"
Ever contemplated self-harm,,,no_icd_mapping,,"Non-clinical phenotype: biomarker, imaging, lifestyle, or questionnaire field"
Felt hated by family member as a child,,,no_icd_mapping,,"Non-clinical phenotype: biomarker, imaging, lifestyle, or questionnaire field"
Physically abused by family as a child,,,no_icd_mapping,,"Non-clinical phenotype: biomarker, imaging, lifestyle, or questionnaire field"
Felt loved as a child,,,no_icd_mapping,,"Non-clinical phenotype: biomarker, imaging, lifestyle, or questionnaire field"
Someone to take to doctor when needed as a child,,,no_icd_mapping,,"Non-clinical phenotype: biomarker, imaging, lifestyle, or questionnaire field"
Avoided activities or situations because of previous stressful experience in past month,,,no_icd_mapping,,"Non-clinical phenotype: biomarker, imaging, lifestyle, or questionnaire field"
Repeated disturbing thoughts of stressful experience in past month,,,no_icd_mapping,,"Non-clinical phenotype: biomarker, imaging, lifestyle, or questionnaire field"
Felt very upset when reminded of stressful experience in past month,,,no_icd_mapping,,"Non-clinical phenotype: biomarker, imaging, lifestyle, or questionnaire field"
Ever sought or received professional help for mental distress,,,no_icd_mapping,,"Non-clinical phenotype: biomarker, imaging, lifestyle, or questionnaire field"
Frequency of depressed mood in last 2 weeks,,,no_icd_mapping,,"Non-clinical phenotype: biomarker, imaging, lifestyle, or questionnaire field"
Ever suffered mental distress preventing usual activities,,,no_icd_mapping,,"Non-clinical phenotype: biomarker, imaging, lifestyle, or questionnaire field"
Ever had period extreme irritability,,,no_icd_mapping,,"Non-clinical phenotype: biomarker, imaging, lifestyle, or questionnaire field"
Recent easy annoyance or irritability,,,no_icd_mapping,,"Non-clinical phenotype: biomarker, imaging, lifestyle, or questionnaire field"
Recent inability to stop or control worrying,,,no_icd_mapping,,"Non-clinical phenotype: biomarker, imaging, lifestyle, or questionnaire field"
Recent feelings of depression,F32,"Major depressive disorder, single episode",manual_clinical,UKB_Resource593,Field 4598/4631 PHQ-2 proxy -> F32
Recent poor appetite or overeating,,,no_icd_mapping,,"Non-clinical phenotype: biomarker, imaging, lifestyle, or questionnaire field"
Recent feelings of foreboding,,,no_icd_mapping,,"Non-clinical phenotype: biomarker, imaging, lifestyle, or questionnaire field"
Recent lack of interest or pleasure in doing things,,,no_icd_mapping,,"Non-clinical phenotype: biomarker, imaging, lifestyle, or questionnaire field"
"Trouble falling or staying asleep, or sleeping too much",,,no_icd_mapping,,"Non-clinical phenotype: biomarker, imaging, lifestyle, or questionnaire field"
Recent changes in speed/amount of moving or speaking,,,no_icd_mapping,,"Non-clinical phenotype: biomarker, imaging, lifestyle, or questionnaire field"
Recent feelings of tiredness or low energy,,,no_icd_mapping,,"Non-clinical phenotype: biomarker, imaging, lifestyle, or questionnaire field"
Recent worrying too much about different things,,,no_icd_mapping,,"Non-clinical phenotype: biomarker, imaging, lifestyle, or questionnaire field"
Belittlement by partner or ex-partner as an adult,,,no_icd_mapping,,"Non-clinical phenotype: biomarker, imaging, lifestyle, or questionnaire field"
Been in a confiding relationship as an adult,,,no_icd_mapping,,"Non-clinical phenotype: biomarker, imaging, lifestyle, or questionnaire field"
Physical violence by partner or ex-partner as an adult,,,no_icd_mapping,,"Non-clinical phenotype: biomarker, imaging, lifestyle, or questionnaire field"
Victim of physically violent crime,,,no_icd_mapping,,"Non-clinical phenotype: biomarker, imaging, lifestyle, or questionnaire field"
Victim of sexual assault,,,no_icd_mapping,,"Non-clinical phenotype: biomarker, imaging, lifestyle, or questionnaire field"
Weight change during worst episode of depression: Stayed about the same or was on a diet,F32,"Major depressive disorder, single episode",manual_clinical,UKB_Resource593,Field 20536 depression severity item -> F32
Mental health problems ever diagnosed by a professional: Depression,F32,"Major depressive disorder, single episode",manual_clinical,UKB_Resource593,Field 20544 professional diagnosis -> F32
"Mental health problems ever diagnosed by a professional: Anxiety, nerves or generalized anxiety disorder",F41,Other anxiety disorders,manual_clinical,UKB_Resource593,Field 20544 professional diagnosis anxiety -> F41
Substances taken for depression: Medication prescribed to you (for at least two weeks),F32,"Major depressive disorder, single episode",manual_clinical,UKB_Resource593,Field 20546 antidepressant use -> F32
"Activities undertaken to treat depression: Talking therapies, such as psychotherapy, counselling, group therapy or CBT",F32,"Major depressive disorder, single episode",manual_clinical,UKB_Resource593,Field 20548 treatment for depression -> F32
Manifestations of mania or irritability: I was more talkative than usual,,,no_icd_mapping,,"Non-clinical phenotype: biomarker, imaging, lifestyle, or questionnaire field"
Manifestations of mania or irritability: I was more restless than usual,,,no_icd_mapping,,"Non-clinical phenotype: biomarker, imaging, lifestyle, or questionnaire field"
"Activities undertaken to treat anxiety: Talking therapies, such as psychotherapy, counselling, group therapy or CBT",F41,Other anxiety disorders,manual_clinical,UKB_Resource593,Field 20548 treatment for anxiety -> F41
Frequency of unenthusiasm / disinterest in last 2 weeks,,,no_icd_mapping,,"Non-clinical phenotype: biomarker, imaging, lifestyle, or questionnaire field"
Frequency of tenseness / restlessness in last 2 weeks,,,no_icd_mapping,,"Non-clinical phenotype: biomarker, imaging, lifestyle, or questionnaire field"
Frequency of tiredness / lethargy in last 2 weeks,,,no_icd_mapping,,"Non-clinical phenotype: biomarker, imaging, lifestyle, or questionnaire field"
"Seen doctor (GP) for nerves, anxiety, tension or depression",F41,Other anxiety disorders,manual_clinical,UKB_Resource593,Field 2090 GP visit for anxiety/depression -> F41
"Seen a psychiatrist for nerves, anxiety, tension or depression",F41,Other anxiety disorders,manual_clinical,UKB_Resource593,Field 2100 psychiatrist visit for anxiety -> F41
Body mass index (BMI),,,no_icd_mapping,,"Non-clinical phenotype: biomarker, imaging, lifestyle, or questionnaire field"
Weight,,,no_icd_mapping,,"Non-clinical phenotype: biomarker, imaging, lifestyle, or questionnaire field"
Pulse wave Arterial Stiffness index,,,no_icd_mapping,,"Non-clinical phenotype: biomarker, imaging, lifestyle, or questionnaire field"
Able to confide,,,no_icd_mapping,,"Non-clinical phenotype: biomarker, imaging, lifestyle, or questionnaire field"
Answered sexual history questions,,,no_icd_mapping,,"Non-clinical phenotype: biomarker, imaging, lifestyle, or questionnaire field"
Age first had sexual intercourse,,,no_icd_mapping,,"Non-clinical phenotype: biomarker, imaging, lifestyle, or questionnaire field"
Lifetime number of sexual partners,,,no_icd_mapping,,"Non-clinical phenotype: biomarker, imaging, lifestyle, or questionnaire field"
Ever had same-sex intercourse,,,no_icd_mapping,,"Non-clinical phenotype: biomarker, imaging, lifestyle, or questionnaire field"
Overall health rating,,,no_icd_mapping,,"Non-clinical phenotype: biomarker, imaging, lifestyle, or questionnaire field"
"Long-standing illness, disability or infirmity",,,no_icd_mapping,,"Non-clinical phenotype: biomarker, imaging, lifestyle, or questionnaire field"
Wears glasses or contact lenses,,,no_icd_mapping,,"Non-clinical phenotype: biomarker, imaging, lifestyle, or questionnaire field"
Doctor diagnosed hayfever or allergic rhinitis,J30,Vasomotor and allergic rhinitis,manual_clinical,UKB_Resource593,Field 22140 doctor-diagnosed hayfever -> J30
Doctor diagnosed asthma,J45,Mild intermittent asthma,manual_clinical,UKB_Resource593,Field 22127 doctor-diagnosed asthma -> J45
Age started wearing glasses or contact lenses,,,no_icd_mapping,,"Non-clinical phenotype: biomarker, imaging, lifestyle, or questionnaire field"
Other eye problems,,,no_icd_mapping,,"Non-clinical phenotype: biomarker, imaging, lifestyle, or questionnaire field"
Plays computer games,,,no_icd_mapping,,"Non-clinical phenotype: biomarker, imaging, lifestyle, or questionnaire field"
Hearing difficulty/problems: No,,,no_icd_mapping,,"Non-clinical phenotype: biomarker, imaging, lifestyle, or questionnaire field"
Hearing difficulty/problems: Yes,,,no_icd_mapping,,"Non-clinical phenotype: biomarker, imaging, lifestyle, or questionnaire field"
Year ended full time education,,,no_icd_mapping,,"Non-clinical phenotype: biomarker, imaging, lifestyle, or questionnaire field"
Cough on most days,,,no_icd_mapping,,"Non-clinical phenotype: biomarker, imaging, lifestyle, or questionnaire field"
Bring up phlegm/sputum/mucus on most days,,,no_icd_mapping,,"Non-clinical phenotype: biomarker, imaging, lifestyle, or questionnaire field"
Tobacco smoking: Ex-smoker,,,no_icd_mapping,,"Non-clinical phenotype: biomarker, imaging, lifestyle, or questionnaire field"
Tobacco smoking: Never smoked,,,no_icd_mapping,,"Non-clinical phenotype: biomarker, imaging, lifestyle, or questionnaire field"
Hearing difficulty/problems with background noise,,,no_icd_mapping,,"Non-clinical phenotype: biomarker, imaging, lifestyle, or questionnaire field"
Job coding: secondary school teacher or teaching professional (including head teacher),,,no_icd_mapping,,"Non-clinical phenotype: biomarker, imaging, lifestyle, or questionnaire field"
Workplace very noisy: Often,,,no_icd_mapping,,"Non-clinical phenotype: biomarker, imaging, lifestyle, or questionnaire field"
Workplace very cold: Rarely/never,,,no_icd_mapping,,"Non-clinical phenotype: biomarker, imaging, lifestyle, or questionnaire field"
Workplace very cold: Sometimes,,,no_icd_mapping,,"Non-clinical phenotype: biomarker, imaging, lifestyle, or questionnaire field"
Workplace very hot: Often,,,no_icd_mapping,,"Non-clinical phenotype: biomarker, imaging, lifestyle, or questionnaire field"
Workplace very dusty: Often,,,no_icd_mapping,,"Non-clinical phenotype: biomarker, imaging, lifestyle, or questionnaire field"
Workplace full of chemical or other fumes: Sometimes,,,no_icd_mapping,,"Non-clinical phenotype: biomarker, imaging, lifestyle, or questionnaire field"
Job SOC coding: Secondary education teaching professionals,,,no_icd_mapping,,"Non-clinical phenotype: biomarker, imaging, lifestyle, or questionnaire field"
Use of sun/uv protection,,,no_icd_mapping,,"Non-clinical phenotype: biomarker, imaging, lifestyle, or questionnaire field"
Home location - north co-ordinate (rounded),,,no_icd_mapping,,"Non-clinical phenotype: biomarker, imaging, lifestyle, or questionnaire field"
Frequency of solarium/sunlamp use,,,no_icd_mapping,,"Non-clinical phenotype: biomarker, imaging, lifestyle, or questionnaire field"
Falls in the last year,,,no_icd_mapping,,"Non-clinical phenotype: biomarker, imaging, lifestyle, or questionnaire field"
Weight change compared with 1 year ago,,,no_icd_mapping,,"Non-clinical phenotype: biomarker, imaging, lifestyle, or questionnaire field"
Body fat percentage,,,no_icd_mapping,,"Non-clinical phenotype: biomarker, imaging, lifestyle, or questionnaire field"
Whole body fat mass,,,no_icd_mapping,,"Non-clinical phenotype: biomarker, imaging, lifestyle, or questionnaire field"
Whole body fat-free mass,,,no_icd_mapping,,"Non-clinical phenotype: biomarker, imaging, lifestyle, or questionnaire field"
Whole body water mass,,,no_icd_mapping,,"Non-clinical phenotype: biomarker, imaging, lifestyle, or questionnaire field"
Basal metabolic rate,,,no_icd_mapping,,"Non-clinical phenotype: biomarker, imaging, lifestyle, or questionnaire field"
Impedance of whole body,,,no_icd_mapping,,"Non-clinical phenotype: biomarker, imaging, lifestyle, or questionnaire field"
Impedance of leg (right),,,no_icd_mapping,,"Non-clinical phenotype: biomarker, imaging, lifestyle, or questionnaire field"
Impedance of leg (left),,,no_icd_mapping,,"Non-clinical phenotype: biomarker, imaging, lifestyle, or questionnaire field"
Impedance of arm (right),,,no_icd_mapping,,"Non-clinical phenotype: biomarker, imaging, lifestyle, or questionnaire field"
Impedance of arm (left),,,no_icd_mapping,,"Non-clinical phenotype: biomarker, imaging, lifestyle, or questionnaire field"
Leg fat percentage (right),,,no_icd_mapping,,"Non-clinical phenotype: biomarker, imaging, lifestyle, or questionnaire field"
Leg fat mass (right),,,no_icd_mapping,,"Non-clinical phenotype: biomarker, imaging, lifestyle, or questionnaire field"
Leg fat-free mass (right),,,no_icd_mapping,,"Non-clinical phenotype: biomarker, imaging, lifestyle, or questionnaire field"
Leg predicted mass (right),,,no_icd_mapping,,"Non-clinical phenotype: biomarker, imaging, lifestyle, or questionnaire field"
Leg fat percentage (left),,,no_icd_mapping,,"Non-clinical phenotype: biomarker, imaging, lifestyle, or questionnaire field"
Leg fat mass (left),,,no_icd_mapping,,"Non-clinical phenotype: biomarker, imaging, lifestyle, or questionnaire field"
Leg fat-free mass (left),,,no_icd_mapping,,"Non-clinical phenotype: biomarker, imaging, lifestyle, or questionnaire field"
Leg predicted mass (left),,,no_icd_mapping,,"Non-clinical phenotype: biomarker, imaging, lifestyle, or questionnaire field"
Arm fat percentage (right),,,no_icd_mapping,,"Non-clinical phenotype: biomarker, imaging, lifestyle, or questionnaire field"
Arm fat mass (right),,,no_icd_mapping,,"Non-clinical phenotype: biomarker, imaging, lifestyle, or questionnaire field"
Arm fat-free mass (right),,,no_icd_mapping,,"Non-clinical phenotype: biomarker, imaging, lifestyle, or questionnaire field"
Arm predicted mass (right),,,no_icd_mapping,,"Non-clinical phenotype: biomarker, imaging, lifestyle, or questionnaire field"
Arm fat percentage (left),,,no_icd_mapping,,"Non-clinical phenotype: biomarker, imaging, lifestyle, or questionnaire field"
Arm fat mass (left),,,no_icd_mapping,,"Non-clinical phenotype: biomarker, imaging, lifestyle, or questionnaire field"
Arm fat-free mass (left),,,no_icd_mapping,,"Non-clinical phenotype: biomarker, imaging, lifestyle, or questionnaire field"
Arm predicted mass (left),,,no_icd_mapping,,"Non-clinical phenotype: biomarker, imaging, lifestyle, or questionnaire field"
Trunk fat percentage,,,no_icd_mapping,,"Non-clinical phenotype: biomarker, imaging, lifestyle, or questionnaire field"
Trunk fat mass,,,no_icd_mapping,,"Non-clinical phenotype: biomarker, imaging, lifestyle, or questionnaire field"
Trunk fat-free mass,,,no_icd_mapping,,"Non-clinical phenotype: biomarker, imaging, lifestyle, or questionnaire field"
Trunk predicted mass,,,no_icd_mapping,,"Non-clinical phenotype: biomarker, imaging, lifestyle, or questionnaire field"
Wheeze or whistling in the chest in last year,,,no_icd_mapping,,"Non-clinical phenotype: biomarker, imaging, lifestyle, or questionnaire field"
Chest pain or discomfort,,,no_icd_mapping,,"Non-clinical phenotype: biomarker, imaging, lifestyle, or questionnaire field"
Ever had bowel cancer screening,,,no_icd_mapping,,"Non-clinical phenotype: biomarker, imaging, lifestyle, or questionnaire field"
Ever had prostate specific antigen (PSA) test,,,no_icd_mapping,,"Non-clinical phenotype: biomarker, imaging, lifestyle, or questionnaire field"
Relative age of first facial hair,,,no_icd_mapping,,"Non-clinical phenotype: biomarker, imaging, lifestyle, or questionnaire field"
Relative age voice broke,,,no_icd_mapping,,"Non-clinical phenotype: biomarker, imaging, lifestyle, or questionnaire field"
Hair/balding pattern: Pattern 1,,,no_icd_mapping,,"Non-clinical phenotype: biomarker, imaging, lifestyle, or questionnaire field"
Hair/balding pattern: Pattern 2,,,no_icd_mapping,,"Non-clinical phenotype: biomarker, imaging, lifestyle, or questionnaire field"
Hair/balding pattern: Pattern 3,,,no_icd_mapping,,"Non-clinical phenotype: biomarker, imaging, lifestyle, or questionnaire field"
Hair/balding pattern: Pattern 4,,,no_icd_mapping,,"Non-clinical phenotype: biomarker, imaging, lifestyle, or questionnaire field"
Nitrogen dioxide air pollution; 2010,,,no_icd_mapping,,"Non-clinical phenotype: biomarker, imaging, lifestyle, or questionnaire field"
Nitrogen oxides air pollution; 2010,,,no_icd_mapping,,"Non-clinical phenotype: biomarker, imaging, lifestyle, or questionnaire field"
Particulate matter air pollution (pm2.5); 2010,,,no_icd_mapping,,"Non-clinical phenotype: biomarker, imaging, lifestyle, or questionnaire field"
Nitrogen dioxide air pollution; 2005,,,no_icd_mapping,,"Non-clinical phenotype: biomarker, imaging, lifestyle, or questionnaire field"
Nitrogen dioxide air pollution; 2006,,,no_icd_mapping,,"Non-clinical phenotype: biomarker, imaging, lifestyle, or questionnaire field"
Nitrogen dioxide air pollution; 2007,,,no_icd_mapping,,"Non-clinical phenotype: biomarker, imaging, lifestyle, or questionnaire field"
Particulate matter air pollution (pm10); 2007,,,no_icd_mapping,,"Non-clinical phenotype: biomarker, imaging, lifestyle, or questionnaire field"
Number of children fathered,,,no_icd_mapping,,"Non-clinical phenotype: biomarker, imaging, lifestyle, or questionnaire field"
Had major operations,,,no_icd_mapping,,"Non-clinical phenotype: biomarker, imaging, lifestyle, or questionnaire field"
Diabetes diagnosed by doctor,E11,Type 2 diabetes mellitus with hyperosmolarity,manual_clinical,UKB_Resource593,Field 2443 doctor-diagnosed diabetes -> E11 (predominantly T2D in UKB)
Fractured/broken bones in last 5 years,,,no_icd_mapping,,"Non-clinical phenotype: biomarker, imaging, lifestyle, or questionnaire field"
Other serious medical condition/disability diagnosed by doctor,,,no_icd_mapping,,"Non-clinical phenotype: biomarker, imaging, lifestyle, or questionnaire field"
Taking other prescription medications,,,no_icd_mapping,,"Non-clinical phenotype: biomarker, imaging, lifestyle, or questionnaire field"
Duration of heavy DIY,,,no_icd_mapping,,"Non-clinical phenotype: biomarker, imaging, lifestyle, or questionnaire field"
"Light smokers, at least 100 smokes in lifetime",,,no_icd_mapping,,"Non-clinical phenotype: biomarker, imaging, lifestyle, or questionnaire field"
Non-butter spread type details: Soft (tub) margarine,,,no_icd_mapping,,"Non-clinical phenotype: biomarker, imaging, lifestyle, or questionnaire field"
Non-butter spread type details: Olive oil based spread (eg: Bertolli),,,no_icd_mapping,,"Non-clinical phenotype: biomarker, imaging, lifestyle, or questionnaire field"
Reason for reducing amount of alcohol drunk: Health precaution,,,no_icd_mapping,,"Non-clinical phenotype: biomarker, imaging, lifestyle, or questionnaire field"
Reason for reducing amount of alcohol drunk: Other reason,,,no_icd_mapping,,"Non-clinical phenotype: biomarker, imaging, lifestyle, or questionnaire field"
Age when periods started (menarche),,,no_icd_mapping,,"Non-clinical phenotype: biomarker, imaging, lifestyle, or questionnaire field"
Had menopause,,,no_icd_mapping,,"Non-clinical phenotype: biomarker, imaging, lifestyle, or questionnaire field"
Birth weight of first child,,,no_icd_mapping,,"Non-clinical phenotype: biomarker, imaging, lifestyle, or questionnaire field"
Age at first live birth,,,no_icd_mapping,,"Non-clinical phenotype: biomarker, imaging, lifestyle, or questionnaire field"
Age at last live birth,,,no_icd_mapping,,"Non-clinical phenotype: biomarker, imaging, lifestyle, or questionnaire field"
Age started oral contraceptive pill,,,no_icd_mapping,,"Non-clinical phenotype: biomarker, imaging, lifestyle, or questionnaire field"
Ever used hormone-replacement therapy (HRT),,,no_icd_mapping,,"Non-clinical phenotype: biomarker, imaging, lifestyle, or questionnaire field"
Had other major operations,,,no_icd_mapping,,"Non-clinical phenotype: biomarker, imaging, lifestyle, or questionnaire field"
Age started smoking in former smokers,,,no_icd_mapping,,"Non-clinical phenotype: biomarker, imaging, lifestyle, or questionnaire field"
Number of cigarettes previously smoked daily,,,no_icd_mapping,,"Non-clinical phenotype: biomarker, imaging, lifestyle, or questionnaire field"
Number of unsuccessful stop-smoking attempts,,,no_icd_mapping,,"Non-clinical phenotype: biomarker, imaging, lifestyle, or questionnaire field"
Age high blood pressure diagnosed,,,no_icd_mapping,,"Non-clinical phenotype: biomarker, imaging, lifestyle, or questionnaire field"
White blood cell (leukocyte) count,,,no_icd_mapping,,"Non-clinical phenotype: biomarker, imaging, lifestyle, or questionnaire field"
Red blood cell (erythrocyte) count,,,no_icd_mapping,,"Non-clinical phenotype: biomarker, imaging, lifestyle, or questionnaire field"
Haemoglobin concentration,,,no_icd_mapping,,"Non-clinical phenotype: biomarker, imaging, lifestyle, or questionnaire field"
Haematocrit percentage,,,no_icd_mapping,,"Non-clinical phenotype: biomarker, imaging, lifestyle, or questionnaire field"
Mean corpuscular volume,,,no_icd_mapping,,"Non-clinical phenotype: biomarker, imaging, lifestyle, or questionnaire field"
Mean corpuscular haemoglobin,,,no_icd_mapping,,"Non-clinical phenotype: biomarker, imaging, lifestyle, or questionnaire field"
Mean corpuscular haemoglobin concentration,,,no_icd_mapping,,"Non-clinical phenotype: biomarker, imaging, lifestyle, or questionnaire field"
Red blood cell (erythrocyte) distribution width,,,no_icd_mapping,,"Non-clinical phenotype: biomarker, imaging, lifestyle, or questionnaire field"
Platelet count,,,no_icd_mapping,,"Non-clinical phenotype: biomarker, imaging, lifestyle, or questionnaire field"
Platelet crit,,,no_icd_mapping,,"Non-clinical phenotype: biomarker, imaging, lifestyle, or questionnaire field"
Mean platelet (thrombocyte) volume,,,no_icd_mapping,,"Non-clinical phenotype: biomarker, imaging, lifestyle, or questionnaire field"
Platelet distribution width,,,no_icd_mapping,,"Non-clinical phenotype: biomarker, imaging, lifestyle, or questionnaire field"
Lymphocyte count,,,no_icd_mapping,,"Non-clinical phenotype: biomarker, imaging, lifestyle, or questionnaire field"
Monocyte count,,,no_icd_mapping,,"Non-clinical phenotype: biomarker, imaging, lifestyle, or questionnaire field"
Neutrophill count,,,no_icd_mapping,,"Non-clinical phenotype: biomarker, imaging, lifestyle, or questionnaire field"
Eosinophill count,,,no_icd_mapping,,"Non-clinical phenotype: biomarker, imaging, lifestyle, or questionnaire field"
Basophill count,,,no_icd_mapping,,"Non-clinical phenotype: biomarker, imaging, lifestyle, or questionnaire field"
Lymphocyte percentage,,,no_icd_mapping,,"Non-clinical phenotype: biomarker, imaging, lifestyle, or questionnaire field"
Monocyte percentage,,,no_icd_mapping,,"Non-clinical phenotype: biomarker, imaging, lifestyle, or questionnaire field"
Neutrophill percentage,,,no_icd_mapping,,"Non-clinical phenotype: biomarker, imaging, lifestyle, or questionnaire field"
Eosinophill percentage,,,no_icd_mapping,,"Non-clinical phenotype: biomarker, imaging, lifestyle, or questionnaire field"
Basophill percentage,,,no_icd_mapping,,"Non-clinical phenotype: biomarker, imaging, lifestyle, or questionnaire field"
Reticulocyte percentage,,,no_icd_mapping,,"Non-clinical phenotype: biomarker, imaging, lifestyle, or questionnaire field"
Reticulocyte count,,,no_icd_mapping,,"Non-clinical phenotype: biomarker, imaging, lifestyle, or questionnaire field"
Mean reticulocyte volume,,,no_icd_mapping,,"Non-clinical phenotype: biomarker, imaging, lifestyle, or questionnaire field"
Mean sphered cell volume,,,no_icd_mapping,,"Non-clinical phenotype: biomarker, imaging, lifestyle, or questionnaire field"
Immature reticulocyte fraction,,,no_icd_mapping,,"Non-clinical phenotype: biomarker, imaging, lifestyle, or questionnaire field"
High light scatter reticulocyte percentage,,,no_icd_mapping,,"Non-clinical phenotype: biomarker, imaging, lifestyle, or questionnaire field"
High light scatter reticulocyte count,,,no_icd_mapping,,"Non-clinical phenotype: biomarker, imaging, lifestyle, or questionnaire field"
Microalbumin in urine,,,no_icd_mapping,,"Non-clinical phenotype: biomarker, imaging, lifestyle, or questionnaire field"
Creatinine (enzymatic) in urine,,,no_icd_mapping,,"Non-clinical phenotype: biomarker, imaging, lifestyle, or questionnaire field"
Potassium in urine,,,no_icd_mapping,,"Non-clinical phenotype: biomarker, imaging, lifestyle, or questionnaire field"
Sodium in urine,,,no_icd_mapping,,"Non-clinical phenotype: biomarker, imaging, lifestyle, or questionnaire field"
Forced vital capacity (FVC),,,no_icd_mapping,,"Non-clinical phenotype: biomarker, imaging, lifestyle, or questionnaire field"
Forced expiratory volume in 1-second (FEV1),,,no_icd_mapping,,"Non-clinical phenotype: biomarker, imaging, lifestyle, or questionnaire field"
Peak expiratory flow (PEF),,,no_icd_mapping,,"Non-clinical phenotype: biomarker, imaging, lifestyle, or questionnaire field"
Ankle spacing width,,,no_icd_mapping,,"Non-clinical phenotype: biomarker, imaging, lifestyle, or questionnaire field"
"Heel Broadband ultrasound attenuation, direct entry",,,no_icd_mapping,,"Non-clinical phenotype: biomarker, imaging, lifestyle, or questionnaire field"
"Heel quantitative ultrasound index (QUI), direct entry",,,no_icd_mapping,,"Non-clinical phenotype: biomarker, imaging, lifestyle, or questionnaire field"
Heel bone mineral density (BMD),,,no_icd_mapping,,"Non-clinical phenotype: biomarker, imaging, lifestyle, or questionnaire field"
Hearing aid user,,,no_icd_mapping,,"Non-clinical phenotype: biomarker, imaging, lifestyle, or questionnaire field"
Mother's age at death,,,no_icd_mapping,,"Non-clinical phenotype: biomarker, imaging, lifestyle, or questionnaire field"
Age started hormone-replacement therapy (HRT),,,no_icd_mapping,,"Non-clinical phenotype: biomarker, imaging, lifestyle, or questionnaire field"
Back pain for 3+ months,,,no_icd_mapping,,"Non-clinical phenotype: biomarker, imaging, lifestyle, or questionnaire field"
Age at menopause (last menstrual period),,,no_icd_mapping,,"Non-clinical phenotype: biomarker, imaging, lifestyle, or questionnaire field"
Ever had hysterectomy (womb removed),,,no_icd_mapping,,"Non-clinical phenotype: biomarker, imaging, lifestyle, or questionnaire field"
Chest pain or discomfort walking normally,,,no_icd_mapping,,"Non-clinical phenotype: biomarker, imaging, lifestyle, or questionnaire field"
Frequency of other exercises in last 4 weeks,,,no_icd_mapping,,"Non-clinical phenotype: biomarker, imaging, lifestyle, or questionnaire field"
"Age hay fever, rhinitis or eczema diagnosed",,,no_icd_mapping,,"Non-clinical phenotype: biomarker, imaging, lifestyle, or questionnaire field"
Headaches for 3+ months,,,no_icd_mapping,,"Non-clinical phenotype: biomarker, imaging, lifestyle, or questionnaire field"
Number of pregnancy terminations,,,no_icd_mapping,,"Non-clinical phenotype: biomarker, imaging, lifestyle, or questionnaire field"
Number of correct matches in round,,,no_icd_mapping,,"Non-clinical phenotype: biomarker, imaging, lifestyle, or questionnaire field"
Number of incorrect matches in round,,,no_icd_mapping,,"Non-clinical phenotype: biomarker, imaging, lifestyle, or questionnaire field"
Time to complete round,,,no_icd_mapping,,"Non-clinical phenotype: biomarker, imaging, lifestyle, or questionnaire field"
Duration to first press of snap-button in each round,,,no_icd_mapping,,"Non-clinical phenotype: biomarker, imaging, lifestyle, or questionnaire field"
"Diastolic blood pressure, automated reading",,,no_icd_mapping,,"Non-clinical phenotype: biomarker, imaging, lifestyle, or questionnaire field"
"Systolic blood pressure, automated reading",,,no_icd_mapping,,"Non-clinical phenotype: biomarker, imaging, lifestyle, or questionnaire field"
Ankle spacing width (left),,,no_icd_mapping,,"Non-clinical phenotype: biomarker, imaging, lifestyle, or questionnaire field"
Heel broadband ultrasound attenuation (left),,,no_icd_mapping,,"Non-clinical phenotype: biomarker, imaging, lifestyle, or questionnaire field"
"Heel quantitative ultrasound index (QUI), direct entry (left)",,,no_icd_mapping,,"Non-clinical phenotype: biomarker, imaging, lifestyle, or questionnaire field"
Heel bone mineral density (BMD) (left),,,no_icd_mapping,,"Non-clinical phenotype: biomarker, imaging, lifestyle, or questionnaire field"
"Heel bone mineral density (BMD) T-score, automated (left)",,,no_icd_mapping,,"Non-clinical phenotype: biomarker, imaging, lifestyle, or questionnaire field"
Ankle spacing width (right),,,no_icd_mapping,,"Non-clinical phenotype: biomarker, imaging, lifestyle, or questionnaire field"
Heel broadband ultrasound attenuation (right),,,no_icd_mapping,,"Non-clinical phenotype: biomarker, imaging, lifestyle, or questionnaire field"
"Detention categories: Informal, not formally detained",,,no_icd_mapping,,"Non-clinical phenotype: biomarker, imaging, lifestyle, or questionnaire field"
"Heel quantitative ultrasound index (QUI), direct entry (right)",,,no_icd_mapping,,"Non-clinical phenotype: biomarker, imaging, lifestyle, or questionnaire field"
Hospital episode type: General episode,,,no_icd_mapping,,"Non-clinical phenotype: biomarker, imaging, lifestyle, or questionnaire field"
Spells in hospital,,,no_icd_mapping,,"Non-clinical phenotype: biomarker, imaging, lifestyle, or questionnaire field"
Heel bone mineral density (BMD) (right),,,no_icd_mapping,,"Non-clinical phenotype: biomarker, imaging, lifestyle, or questionnaire field"
Destinations on discharge from hospital (recoded): Usual Place of residence,,,no_icd_mapping,,"Non-clinical phenotype: biomarker, imaging, lifestyle, or questionnaire field"
"Heel bone mineral density (BMD) T-score, automated (right)",,,no_icd_mapping,,"Non-clinical phenotype: biomarker, imaging, lifestyle, or questionnaire field"
Pulse rate,,,no_icd_mapping,,"Non-clinical phenotype: biomarker, imaging, lifestyle, or questionnaire field"
Pulse wave reflection index,,,no_icd_mapping,,"Non-clinical phenotype: biomarker, imaging, lifestyle, or questionnaire field"
Pulse wave peak to peak time,,,no_icd_mapping,,"Non-clinical phenotype: biomarker, imaging, lifestyle, or questionnaire field"
Round of numeric memory test,,,no_icd_mapping,,"Non-clinical phenotype: biomarker, imaging, lifestyle, or questionnaire field"
Volume level set by participant (left),,,no_icd_mapping,,"Non-clinical phenotype: biomarker, imaging, lifestyle, or questionnaire field"
Maximum digits remembered correctly,,,no_icd_mapping,,"Non-clinical phenotype: biomarker, imaging, lifestyle, or questionnaire field"
Number of rounds of numeric memory test performed,,,no_icd_mapping,,"Non-clinical phenotype: biomarker, imaging, lifestyle, or questionnaire field"
Time to answer,,,no_icd_mapping,,"Non-clinical phenotype: biomarker, imaging, lifestyle, or questionnaire field"
Duration screen displayed,,,no_icd_mapping,,"Non-clinical phenotype: biomarker, imaging, lifestyle, or questionnaire field"
Number of attempts,,,no_icd_mapping,,"Non-clinical phenotype: biomarker, imaging, lifestyle, or questionnaire field"
Happiness,,,no_icd_mapping,,"Non-clinical phenotype: biomarker, imaging, lifestyle, or questionnaire field"
Work/job satisfaction,,,no_icd_mapping,,"Non-clinical phenotype: biomarker, imaging, lifestyle, or questionnaire field"
Health satisfaction,,,no_icd_mapping,,"Non-clinical phenotype: biomarker, imaging, lifestyle, or questionnaire field"
Family relationship satisfaction,,,no_icd_mapping,,"Non-clinical phenotype: biomarker, imaging, lifestyle, or questionnaire field"
Friendships satisfaction,,,no_icd_mapping,,"Non-clinical phenotype: biomarker, imaging, lifestyle, or questionnaire field"
Financial situation satisfaction,,,no_icd_mapping,,"Non-clinical phenotype: biomarker, imaging, lifestyle, or questionnaire field"
Ever depressed for a whole week,,,no_icd_mapping,,"Non-clinical phenotype: biomarker, imaging, lifestyle, or questionnaire field"
Hand grip strength (left),,,no_icd_mapping,,"Non-clinical phenotype: biomarker, imaging, lifestyle, or questionnaire field"
Ever unenthusiastic/disinterested for a whole week,,,no_icd_mapping,,"Non-clinical phenotype: biomarker, imaging, lifestyle, or questionnaire field"
Ever highly irritable/argumentative for 2 days,,,no_icd_mapping,,"Non-clinical phenotype: biomarker, imaging, lifestyle, or questionnaire field"
Private healthcare,,,no_icd_mapping,,"Non-clinical phenotype: biomarker, imaging, lifestyle, or questionnaire field"
Hand grip strength (right),,,no_icd_mapping,,"Non-clinical phenotype: biomarker, imaging, lifestyle, or questionnaire field"
Shortness of breath walking on level ground,,,no_icd_mapping,,"Non-clinical phenotype: biomarker, imaging, lifestyle, or questionnaire field"
Leg pain on walking,,,no_icd_mapping,,"Non-clinical phenotype: biomarker, imaging, lifestyle, or questionnaire field"
Waist circumference,,,no_icd_mapping,,"Non-clinical phenotype: biomarker, imaging, lifestyle, or questionnaire field"
"Tinnitus: No, never",,,no_icd_mapping,,"Non-clinical phenotype: biomarker, imaging, lifestyle, or questionnaire field"
"Tinnitus: Yes, now most or all of the time",,,no_icd_mapping,,"Non-clinical phenotype: biomarker, imaging, lifestyle, or questionnaire field"
Noisy workplace,,,no_icd_mapping,,"Non-clinical phenotype: biomarker, imaging, lifestyle, or questionnaire field"
Loud music exposure frequency,,,no_icd_mapping,,"Non-clinical phenotype: biomarker, imaging, lifestyle, or questionnaire field"
Hip circumference,,,no_icd_mapping,,"Non-clinical phenotype: biomarker, imaging, lifestyle, or questionnaire field"
FI3 : word interpolation,,,no_icd_mapping,,"Non-clinical phenotype: biomarker, imaging, lifestyle, or questionnaire field"
FI4 : positional arithmetic,,,no_icd_mapping,,"Non-clinical phenotype: biomarker, imaging, lifestyle, or questionnaire field"
FI5 : family relationship calculation,,,no_icd_mapping,,"Non-clinical phenotype: biomarker, imaging, lifestyle, or questionnaire field"
FI6 : conditional arithmetic,,,no_icd_mapping,,"Non-clinical phenotype: biomarker, imaging, lifestyle, or questionnaire field"
Standing height,,,no_icd_mapping,,"Non-clinical phenotype: biomarker, imaging, lifestyle, or questionnaire field"
FI7 : synonym,,,no_icd_mapping,,"Non-clinical phenotype: biomarker, imaging, lifestyle, or questionnaire field"
FI8 : chained arithmetic,,,no_icd_mapping,,"Non-clinical phenotype: biomarker, imaging, lifestyle, or questionnaire field"
Spherical power (right),,,no_icd_mapping,,"Non-clinical phenotype: biomarker, imaging, lifestyle, or questionnaire field"
Spherical power (left),,,no_icd_mapping,,"Non-clinical phenotype: biomarker, imaging, lifestyle, or questionnaire field"
3mm weak meridian (left),,,no_icd_mapping,,"Non-clinical phenotype: biomarker, imaging, lifestyle, or questionnaire field"
6mm weak meridian (left),,,no_icd_mapping,,"Non-clinical phenotype: biomarker, imaging, lifestyle, or questionnaire field"
6mm weak meridian (right),,,no_icd_mapping,,"Non-clinical phenotype: biomarker, imaging, lifestyle, or questionnaire field"
3mm weak meridian (right),,,no_icd_mapping,,"Non-clinical phenotype: biomarker, imaging, lifestyle, or questionnaire field"
3mm weak meridian angle (right),,,no_icd_mapping,,"Non-clinical phenotype: biomarker, imaging, lifestyle, or questionnaire field"
6mm weak meridian angle (right),,,no_icd_mapping,,"Non-clinical phenotype: biomarker, imaging, lifestyle, or questionnaire field"
3mm weak meridian angle (left),,,no_icd_mapping,,"Non-clinical phenotype: biomarker, imaging, lifestyle, or questionnaire field"
3mm strong meridian angle (left),,,no_icd_mapping,,"Non-clinical phenotype: biomarker, imaging, lifestyle, or questionnaire field"
6mm strong meridian angle (right),,,no_icd_mapping,,"Non-clinical phenotype: biomarker, imaging, lifestyle, or questionnaire field"
3mm strong meridian angle (right),,,no_icd_mapping,,"Non-clinical phenotype: biomarker, imaging, lifestyle, or questionnaire field"
3mm asymmetry angle (right),,,no_icd_mapping,,"Non-clinical phenotype: biomarker, imaging, lifestyle, or questionnaire field"
6mm asymmetry angle (right),,,no_icd_mapping,,"Non-clinical phenotype: biomarker, imaging, lifestyle, or questionnaire field"
6mm asymmetry angle (left),,,no_icd_mapping,,"Non-clinical phenotype: biomarker, imaging, lifestyle, or questionnaire field"
3mm asymmetry angle (left),,,no_icd_mapping,,"Non-clinical phenotype: biomarker, imaging, lifestyle, or questionnaire field"
3mm cylindrical power angle (left),,,no_icd_mapping,,"Non-clinical phenotype: biomarker, imaging, lifestyle, or questionnaire field"
6mm cylindrical power angle (right),,,no_icd_mapping,,"Non-clinical phenotype: biomarker, imaging, lifestyle, or questionnaire field"
3mm cylindrical power (right),,,no_icd_mapping,,"Non-clinical phenotype: biomarker, imaging, lifestyle, or questionnaire field"
3mm cylindrical power (left),,,no_icd_mapping,,"Non-clinical phenotype: biomarker, imaging, lifestyle, or questionnaire field"
3mm strong meridian (right),,,no_icd_mapping,,"Non-clinical phenotype: biomarker, imaging, lifestyle, or questionnaire field"
6mm strong meridian (right),,,no_icd_mapping,,"Non-clinical phenotype: biomarker, imaging, lifestyle, or questionnaire field"
6mm strong meridian (left),,,no_icd_mapping,,"Non-clinical phenotype: biomarker, imaging, lifestyle, or questionnaire field"
3mm strong meridian (left),,,no_icd_mapping,,"Non-clinical phenotype: biomarker, imaging, lifestyle, or questionnaire field"
6mm asymmetry index (left),,,no_icd_mapping,,"Non-clinical phenotype: biomarker, imaging, lifestyle, or questionnaire field"
6mm asymmetry index (right),,,no_icd_mapping,,"Non-clinical phenotype: biomarker, imaging, lifestyle, or questionnaire field"
3mm asymmetry index (right),,,no_icd_mapping,,"Non-clinical phenotype: biomarker, imaging, lifestyle, or questionnaire field"
"logMAR, final (right)",,,no_icd_mapping,,"Non-clinical phenotype: biomarker, imaging, lifestyle, or questionnaire field"
"Intra-ocular pressure, corneal-compensated (right)",,,no_icd_mapping,,"Non-clinical phenotype: biomarker, imaging, lifestyle, or questionnaire field"
"Intra-ocular pressure, Goldmann-correlated (right)",,,no_icd_mapping,,"Non-clinical phenotype: biomarker, imaging, lifestyle, or questionnaire field"
Corneal hysteresis (right),,,no_icd_mapping,,"Non-clinical phenotype: biomarker, imaging, lifestyle, or questionnaire field"
Corneal resistance factor (right),,,no_icd_mapping,,"Non-clinical phenotype: biomarker, imaging, lifestyle, or questionnaire field"
"Intra-ocular pressure, corneal-compensated (left)",,,no_icd_mapping,,"Non-clinical phenotype: biomarker, imaging, lifestyle, or questionnaire field"
"Intra-ocular pressure, Goldmann-correlated (left)",,,no_icd_mapping,,"Non-clinical phenotype: biomarker, imaging, lifestyle, or questionnaire field"
Corneal hysteresis (left),,,no_icd_mapping,,"Non-clinical phenotype: biomarker, imaging, lifestyle, or questionnaire field"
Corneal resistance factor (left),,,no_icd_mapping,,"Non-clinical phenotype: biomarker, imaging, lifestyle, or questionnaire field"
FI9 : concept interpolation,,,no_icd_mapping,,"Non-clinical phenotype: biomarker, imaging, lifestyle, or questionnaire field"
"ECG, heart rate",,,no_icd_mapping,,"Non-clinical phenotype: biomarker, imaging, lifestyle, or questionnaire field"
"ECG, load",,,no_icd_mapping,,"Non-clinical phenotype: biomarker, imaging, lifestyle, or questionnaire field"
"ECG, number of stages in a phase",,,no_icd_mapping,,"Non-clinical phenotype: biomarker, imaging, lifestyle, or questionnaire field"
Maximum workload during fitness test,,,no_icd_mapping,,"Non-clinical phenotype: biomarker, imaging, lifestyle, or questionnaire field"
Maximum heart rate during fitness test,,,no_icd_mapping,,"Non-clinical phenotype: biomarker, imaging, lifestyle, or questionnaire field"
Qualifications: College or University degree,,,no_icd_mapping,,"Non-clinical phenotype: biomarker, imaging, lifestyle, or questionnaire field"
Qualifications: None of the above,,,no_icd_mapping,,"Non-clinical phenotype: biomarker, imaging, lifestyle, or questionnaire field"
Qualifications: A levels/AS levels or equivalent,,,no_icd_mapping,,"Non-clinical phenotype: biomarker, imaging, lifestyle, or questionnaire field"
Qualifications: O levels/GCSEs or equivalent,,,no_icd_mapping,,"Non-clinical phenotype: biomarker, imaging, lifestyle, or questionnaire field"
Qualifications: CSEs or equivalent,,,no_icd_mapping,,"Non-clinical phenotype: biomarker, imaging, lifestyle, or questionnaire field"
Qualifications: NVQ or HND or HNC or equivalent,,,no_icd_mapping,,"Non-clinical phenotype: biomarker, imaging, lifestyle, or questionnaire field"
"Qualifications: Other professional qualifications eg: nursing, teaching",,,no_icd_mapping,,"Non-clinical phenotype: biomarker, imaging, lifestyle, or questionnaire field"
Gas or solid-fuel cooking/heating: A gas fire that you use regularly in winter time,,,no_icd_mapping,,"Non-clinical phenotype: biomarker, imaging, lifestyle, or questionnaire field"
Gas or solid-fuel cooking/heating: An open solid fuel fire that you use regularly in winter time,,,no_icd_mapping,,"Non-clinical phenotype: biomarker, imaging, lifestyle, or questionnaire field"
"How are people in household related to participant: Husband, wife or partner",,,no_icd_mapping,,"Non-clinical phenotype: biomarker, imaging, lifestyle, or questionnaire field"
Current employment status: In paid employment or self-employed,,,no_icd_mapping,,"Non-clinical phenotype: biomarker, imaging, lifestyle, or questionnaire field"
Current employment status: Retired,,,no_icd_mapping,,"Non-clinical phenotype: biomarker, imaging, lifestyle, or questionnaire field"
Current employment status: Unable to work because of sickness or disability,,,no_icd_mapping,,"Non-clinical phenotype: biomarker, imaging, lifestyle, or questionnaire field"
Transport type for commuting to job workplace: Car/motor vehicle,,,no_icd_mapping,,"Non-clinical phenotype: biomarker, imaging, lifestyle, or questionnaire field"
Transport type for commuting to job workplace: Public transport,,,no_icd_mapping,,"Non-clinical phenotype: biomarker, imaging, lifestyle, or questionnaire field"
Transport type for commuting to job workplace: Cycle,,,no_icd_mapping,,"Non-clinical phenotype: biomarker, imaging, lifestyle, or questionnaire field"
"Never eat eggs, dairy, wheat, sugar: Eggs or foods containing eggs",,,no_icd_mapping,,"Non-clinical phenotype: biomarker, imaging, lifestyle, or questionnaire field"
"Never eat eggs, dairy, wheat, sugar: Sugar or foods/drinks containing sugar",,,no_icd_mapping,,"Non-clinical phenotype: biomarker, imaging, lifestyle, or questionnaire field"
"Never eat eggs, dairy, wheat, sugar: I eat all of the above",,,no_icd_mapping,,"Non-clinical phenotype: biomarker, imaging, lifestyle, or questionnaire field"
"Illness, injury, bereavement, stress in last 2 years: Serious illness, injury or assault to yourself",,,no_icd_mapping,,"Non-clinical phenotype: biomarker, imaging, lifestyle, or questionnaire field"
"Illness, injury, bereavement, stress in last 2 years: None of the above",,,no_icd_mapping,,"Non-clinical phenotype: biomarker, imaging, lifestyle, or questionnaire field"
"Illness, injury, bereavement, stress in last 2 years: Financial difficulties",,,no_icd_mapping,,"Non-clinical phenotype: biomarker, imaging, lifestyle, or questionnaire field"
Attendance/disability/mobility allowance: None of the above,,,no_icd_mapping,,"Non-clinical phenotype: biomarker, imaging, lifestyle, or questionnaire field"
Attendance/disability/mobility allowance: Disability living allowance,,,no_icd_mapping,,"Non-clinical phenotype: biomarker, imaging, lifestyle, or questionnaire field"
Attendance/disability/mobility allowance: Blue badge,,,no_icd_mapping,,"Non-clinical phenotype: biomarker, imaging, lifestyle, or questionnaire field"
"Reason for glasses/contact lenses: For short-sightedness, i.e. only or mainly for distance viewing such as driving, cinema etc (called 'myopia')",,,no_icd_mapping,,"Non-clinical phenotype: biomarker, imaging, lifestyle, or questionnaire field"
"Reason for glasses/contact lenses: For long-sightedness, i.e. for distance and near, but particularly for near tasks like reading (called 'hypermetropia')",,,no_icd_mapping,,"Non-clinical phenotype: biomarker, imaging, lifestyle, or questionnaire field"
Reason for glasses/contact lenses: For just reading/near work as you are getting older (called 'presbyopia'),,,no_icd_mapping,,"Non-clinical phenotype: biomarker, imaging, lifestyle, or questionnaire field"
Reason for glasses/contact lenses: For 'astigmatism',,,no_icd_mapping,,"Non-clinical phenotype: biomarker, imaging, lifestyle, or questionnaire field"
Mouth/teeth dental problems: Mouth ulcers,,,no_icd_mapping,,"Non-clinical phenotype: biomarker, imaging, lifestyle, or questionnaire field"
Mouth/teeth dental problems: None of the above,,,no_icd_mapping,,"Non-clinical phenotype: biomarker, imaging, lifestyle, or questionnaire field"
Mouth/teeth dental problems: Bleeding gums,,,no_icd_mapping,,"Non-clinical phenotype: biomarker, imaging, lifestyle, or questionnaire field"
Mouth/teeth dental problems: Loose teeth,,,no_icd_mapping,,"Non-clinical phenotype: biomarker, imaging, lifestyle, or questionnaire field"
Mouth/teeth dental problems: Dentures,,,no_icd_mapping,,"Non-clinical phenotype: biomarker, imaging, lifestyle, or questionnaire field"
Vascular/heart problems diagnosed by doctor: Heart attack,,,no_icd_mapping,,"Non-clinical phenotype: biomarker, imaging, lifestyle, or questionnaire field"
Vascular/heart problems diagnosed by doctor: None of the above,,,no_icd_mapping,,"Non-clinical phenotype: biomarker, imaging, lifestyle, or questionnaire field"
Vascular/heart problems diagnosed by doctor: Angina,,,no_icd_mapping,,"Non-clinical phenotype: biomarker, imaging, lifestyle, or questionnaire field"
Vascular/heart problems diagnosed by doctor: High blood pressure,,,no_icd_mapping,,"Non-clinical phenotype: biomarker, imaging, lifestyle, or questionnaire field"
"Blood clot, DVT, bronchitis, emphysema, asthma, rhinitis, eczema, allergy diagnosed by doctor: None of the above",,,no_icd_mapping,,"Non-clinical phenotype: biomarker, imaging, lifestyle, or questionnaire field"
"Blood clot, DVT, bronchitis, emphysema, asthma, rhinitis, eczema, allergy diagnosed by doctor: Blood clot in the leg (DVT)",I80,Phlebitis and thrombophlebitis of superficial vessels of lower extremities,manual_clinical,UKB_Resource593,Field 6152 blood clot item -> I80
"Blood clot, DVT, bronchitis, emphysema, asthma, rhinitis, eczema, allergy diagnosed by doctor: Emphysema/chronic bronchitis",J44,Other chronic obstructive pulmonary disease,manual_clinical,UKB_Resource593,Field 6152 COPD item -> J44
"Blood clot, DVT, bronchitis, emphysema, asthma, rhinitis, eczema, allergy diagnosed by doctor: Asthma",J45,Mild intermittent asthma,manual_clinical,UKB_Resource593,Field 6152 asthma item -> J45
"Blood clot, DVT, bronchitis, emphysema, asthma, rhinitis, eczema, allergy diagnosed by doctor: Hayfever, allergic rhinitis or eczema",J30,Vasomotor and allergic rhinitis,manual_clinical,UKB_Resource593,Field 6152 hayfever item -> J30
"Medication for cholesterol, blood pressure, diabetes, or take exogenous hormones: Cholesterol lowering medication",E78,Pure hypercholesterolemia,manual_clinical,UKB_Resource593,Field 6153 cholesterol medication -> E78 proxy
"Medication for cholesterol, blood pressure, diabetes, or take exogenous hormones: None of the above",,,no_icd_mapping,,"Non-clinical phenotype: biomarker, imaging, lifestyle, or questionnaire field"
"Medication for cholesterol, blood pressure, diabetes, or take exogenous hormones: Blood pressure medication",I10,Essential (primary) hypertension,manual_clinical,UKB_Resource593,Field 6153 BP medication -> I10 proxy
"Medication for pain relief, constipation, heartburn: Aspirin",,,no_icd_mapping,,"Non-clinical phenotype: biomarker, imaging, lifestyle, or questionnaire field"
"Medication for pain relief, constipation, heartburn: None of the above",,,no_icd_mapping,,"Non-clinical phenotype: biomarker, imaging, lifestyle, or questionnaire field"
"Medication for pain relief, constipation, heartburn: Ibuprofen (e.g. Nurofen)",,,no_icd_mapping,,"Non-clinical phenotype: biomarker, imaging, lifestyle, or questionnaire field"
"Medication for pain relief, constipation, heartburn: Paracetamol",,,no_icd_mapping,,"Non-clinical phenotype: biomarker, imaging, lifestyle, or questionnaire field"
"Medication for pain relief, constipation, heartburn: Omeprazole (e.g. Zanprol)",,,no_icd_mapping,,"Non-clinical phenotype: biomarker, imaging, lifestyle, or questionnaire field"
"Medication for pain relief, constipation, heartburn: Laxatives (e.g. Dulcolax, Senokot)",,,no_icd_mapping,,"Non-clinical phenotype: biomarker, imaging, lifestyle, or questionnaire field"
Vitamin and mineral supplements: None of the above,,,no_icd_mapping,,"Non-clinical phenotype: biomarker, imaging, lifestyle, or questionnaire field"
Vitamin and mineral supplements: Vitamin C,,,no_icd_mapping,,"Non-clinical phenotype: biomarker, imaging, lifestyle, or questionnaire field"
Vitamin and mineral supplements: Multivitamins +/- minerals,,,no_icd_mapping,,"Non-clinical phenotype: biomarker, imaging, lifestyle, or questionnaire field"
Why stopped smoking: None of the above,,,no_icd_mapping,,"Non-clinical phenotype: biomarker, imaging, lifestyle, or questionnaire field"
Why stopped smoking: Health precaution,,,no_icd_mapping,,"Non-clinical phenotype: biomarker, imaging, lifestyle, or questionnaire field"
Pain type(s) experienced in last month: Headache,,,no_icd_mapping,,"Non-clinical phenotype: biomarker, imaging, lifestyle, or questionnaire field"
Pain type(s) experienced in last month: None of the above,,,no_icd_mapping,,"Non-clinical phenotype: biomarker, imaging, lifestyle, or questionnaire field"
Pain type(s) experienced in last month: Neck or shoulder pain,,,no_icd_mapping,,"Non-clinical phenotype: biomarker, imaging, lifestyle, or questionnaire field"
Pain type(s) experienced in last month: Back pain,,,no_icd_mapping,,"Non-clinical phenotype: biomarker, imaging, lifestyle, or questionnaire field"
Pain type(s) experienced in last month: Stomach or abdominal pain,,,no_icd_mapping,,"Non-clinical phenotype: biomarker, imaging, lifestyle, or questionnaire field"
Pain type(s) experienced in last month: Hip pain,,,no_icd_mapping,,"Non-clinical phenotype: biomarker, imaging, lifestyle, or questionnaire field"
Pain type(s) experienced in last month: Knee pain,,,no_icd_mapping,,"Non-clinical phenotype: biomarker, imaging, lifestyle, or questionnaire field"
Pain type(s) experienced in last month: Pain all over the body,,,no_icd_mapping,,"Non-clinical phenotype: biomarker, imaging, lifestyle, or questionnaire field"
Leisure/social activities: Sports club or gym,,,no_icd_mapping,,"Non-clinical phenotype: biomarker, imaging, lifestyle, or questionnaire field"
Leisure/social activities: None of the above,,,no_icd_mapping,,"Non-clinical phenotype: biomarker, imaging, lifestyle, or questionnaire field"
Leisure/social activities: Pub or social club,,,no_icd_mapping,,"Non-clinical phenotype: biomarker, imaging, lifestyle, or questionnaire field"
Leisure/social activities: Religious group,,,no_icd_mapping,,"Non-clinical phenotype: biomarker, imaging, lifestyle, or questionnaire field"
Leisure/social activities: Adult education class,,,no_icd_mapping,,"Non-clinical phenotype: biomarker, imaging, lifestyle, or questionnaire field"
Leisure/social activities: Other group activity,,,no_icd_mapping,,"Non-clinical phenotype: biomarker, imaging, lifestyle, or questionnaire field"
Types of transport used (excluding work): Car/motor vehicle,,,no_icd_mapping,,"Non-clinical phenotype: biomarker, imaging, lifestyle, or questionnaire field"
Types of transport used (excluding work): Walk,,,no_icd_mapping,,"Non-clinical phenotype: biomarker, imaging, lifestyle, or questionnaire field"
Types of transport used (excluding work): Public transport,,,no_icd_mapping,,"Non-clinical phenotype: biomarker, imaging, lifestyle, or questionnaire field"
Types of transport used (excluding work): Cycle,,,no_icd_mapping,,"Non-clinical phenotype: biomarker, imaging, lifestyle, or questionnaire field"
Types of physical activity in last 4 weeks: Walking for pleasure (not as a means of transport),,,no_icd_mapping,,"Non-clinical phenotype: biomarker, imaging, lifestyle, or questionnaire field"
Types of physical activity in last 4 weeks: None of the above,,,no_icd_mapping,,"Non-clinical phenotype: biomarker, imaging, lifestyle, or questionnaire field"
"Types of physical activity in last 4 weeks: Other exercises (eg: swimming, cycling, keep fit, bowling)",,,no_icd_mapping,,"Non-clinical phenotype: biomarker, imaging, lifestyle, or questionnaire field"
Types of physical activity in last 4 weeks: Strenuous sports,,,no_icd_mapping,,"Non-clinical phenotype: biomarker, imaging, lifestyle, or questionnaire field"
"Types of physical activity in last 4 weeks: Light DIY (eg: pruning, watering the lawn)",,,no_icd_mapping,,"Non-clinical phenotype: biomarker, imaging, lifestyle, or questionnaire field"
"Types of physical activity in last 4 weeks: Heavy DIY (eg: weeding, lawn mowing, carpentry, digging)",,,no_icd_mapping,,"Non-clinical phenotype: biomarker, imaging, lifestyle, or questionnaire field"
"Medication for cholesterol, blood pressure or diabetes: Cholesterol lowering medication",E78,Pure hypercholesterolemia,manual_clinical,UKB_Resource593,Field 6177 cholesterol medication -> E78 proxy
"Medication for cholesterol, blood pressure or diabetes: None of the above",,,no_icd_mapping,,"Non-clinical phenotype: biomarker, imaging, lifestyle, or questionnaire field"
"Medication for cholesterol, blood pressure or diabetes: Blood pressure medication",I10,Essential (primary) hypertension,manual_clinical,UKB_Resource593,Field 6177 BP medication -> I10 proxy
Mineral and other dietary supplements: Fish oil (including cod liver oil),,,no_icd_mapping,,"Non-clinical phenotype: biomarker, imaging, lifestyle, or questionnaire field"
Mineral and other dietary supplements: None of the above,,,no_icd_mapping,,"Non-clinical phenotype: biomarker, imaging, lifestyle, or questionnaire field"
Mineral and other dietary supplements: Glucosamine,,,no_icd_mapping,,"Non-clinical phenotype: biomarker, imaging, lifestyle, or questionnaire field"
Mineral and other dietary supplements: Calcium,,,no_icd_mapping,,"Non-clinical phenotype: biomarker, imaging, lifestyle, or questionnaire field"
Mineral and other dietary supplements: Zinc,,,no_icd_mapping,,"Non-clinical phenotype: biomarker, imaging, lifestyle, or questionnaire field"
Type of accommodation lived in: A house or bungalow,,,no_icd_mapping,,"Non-clinical phenotype: biomarker, imaging, lifestyle, or questionnaire field"
Own or rent accommodation lived in: Own outright (by you or someone in your household),,,no_icd_mapping,,"Non-clinical phenotype: biomarker, imaging, lifestyle, or questionnaire field"
Own or rent accommodation lived in: Own with a mortgage,,,no_icd_mapping,,"Non-clinical phenotype: biomarker, imaging, lifestyle, or questionnaire field"
"Own or rent accommodation lived in: Rent - from local authority, local council, housing association",,,no_icd_mapping,,"Non-clinical phenotype: biomarker, imaging, lifestyle, or questionnaire field"
Length of time at current address,,,no_icd_mapping,,"Non-clinical phenotype: biomarker, imaging, lifestyle, or questionnaire field"
Number in household,,,no_icd_mapping,,"Non-clinical phenotype: biomarker, imaging, lifestyle, or questionnaire field"
Number of vehicles in household,,,no_icd_mapping,,"Non-clinical phenotype: biomarker, imaging, lifestyle, or questionnaire field"
Average total household income before tax,,,no_icd_mapping,,"Non-clinical phenotype: biomarker, imaging, lifestyle, or questionnaire field"
Length of working week for main job,,,no_icd_mapping,,"Non-clinical phenotype: biomarker, imaging, lifestyle, or questionnaire field"
Frequency of travelling from home to job workplace,,,no_icd_mapping,,"Non-clinical phenotype: biomarker, imaging, lifestyle, or questionnaire field"
"Heel bone mineral density (BMD) T-score, automated",,,no_icd_mapping,,"Non-clinical phenotype: biomarker, imaging, lifestyle, or questionnaire field"
Job involves mainly walking or standing,,,no_icd_mapping,,"Non-clinical phenotype: biomarker, imaging, lifestyle, or questionnaire field"
Job involves heavy manual or physical work,,,no_icd_mapping,,"Non-clinical phenotype: biomarker, imaging, lifestyle, or questionnaire field"
Job involves shift work,,,no_icd_mapping,,"Non-clinical phenotype: biomarker, imaging, lifestyle, or questionnaire field"
Age completed full time education,,,no_icd_mapping,,"Non-clinical phenotype: biomarker, imaging, lifestyle, or questionnaire field"
Number of days/week walked 10+ minutes,,,no_icd_mapping,,"Non-clinical phenotype: biomarker, imaging, lifestyle, or questionnaire field"
Duration of walks,,,no_icd_mapping,,"Non-clinical phenotype: biomarker, imaging, lifestyle, or questionnaire field"
Number of days/week of moderate physical activity 10+ minutes,,,no_icd_mapping,,"Non-clinical phenotype: biomarker, imaging, lifestyle, or questionnaire field"
Duration of moderate activity,,,no_icd_mapping,,"Non-clinical phenotype: biomarker, imaging, lifestyle, or questionnaire field"
Number of days/week of vigorous physical activity 10+ minutes,,,no_icd_mapping,,"Non-clinical phenotype: biomarker, imaging, lifestyle, or questionnaire field"
Duration of vigorous activity,,,no_icd_mapping,,"Non-clinical phenotype: biomarker, imaging, lifestyle, or questionnaire field"
Usual walking pace,,,no_icd_mapping,,"Non-clinical phenotype: biomarker, imaging, lifestyle, or questionnaire field"
"Systolic blood pressure, manual reading",,,no_icd_mapping,,"Non-clinical phenotype: biomarker, imaging, lifestyle, or questionnaire field"
"Diastolic blood pressure, manual reading",,,no_icd_mapping,,"Non-clinical phenotype: biomarker, imaging, lifestyle, or questionnaire field"
Frequency of stair climbing in last 4 weeks,,,no_icd_mapping,,"Non-clinical phenotype: biomarker, imaging, lifestyle, or questionnaire field"
Frequency of walking for pleasure in last 4 weeks,,,no_icd_mapping,,"Non-clinical phenotype: biomarker, imaging, lifestyle, or questionnaire field"
Duration walking for pleasure,,,no_icd_mapping,,"Non-clinical phenotype: biomarker, imaging, lifestyle, or questionnaire field"
Medication related adverse effects,,,no_icd_mapping,,"Non-clinical phenotype: biomarker, imaging, lifestyle, or questionnaire field"
Malignant neoplasm of breast,C50,"Malignant neoplasm of nipple and areola, female",manual_clinical,Neale_GWAS_ICD10,Neale Lab ICD10 phenotype C50
Malignant neoplasm of digestive organs,C26,Malignant neoplasm of other and ill-defined digestive organs,manual_clinical,Neale_GWAS_ICD10,ICD10 chapter C15-C26
malignant neoplasm of male genital organs,C63,Malignant neoplasm of epididymis,manual_clinical,Neale_GWAS_ICD10,ICD10 block C60-C63
Other malignant neoplasms of skin,C44,Other and unspecified malignant neoplasm of skin of lip,manual_clinical,Neale_GWAS_ICD10,Neale Lab ICD10 phenotype C44
Malignant neoplasm of prostate,C61,Malignant neoplasm of prostate,manual_clinical,Neale_GWAS_ICD10,Neale Lab ICD10 phenotype C61
Malignant neoplasm of skin,C44,Other and unspecified malignant neoplasm of skin of lip,manual_clinical,Neale_GWAS_ICD10,Neale Lab ICD10 phenotype C44
Diagnoses - main ICD10: C44 Other malignant neoplasms of skin,C44,Other and unspecified malignant neoplasm of skin of lip,exact_embedded,UKB_field_41202,Code extracted directly from UKB Diagnoses - main ICD10 field name (field 41202)
Diagnoses - main ICD10: C50 Malignant neoplasm of breast,C50,"Malignant neoplasm of nipple and areola, female",exact_embedded,UKB_field_41202,Code extracted directly from UKB Diagnoses - main ICD10 field name (field 41202)
"Cardiac arrhytmias, COPD co-morbidities",,,no_icd_mapping,,"Non-clinical phenotype: biomarker, imaging, lifestyle, or questionnaire field"
COPD differential diagnosis,J44,Other chronic obstructive pulmonary disease,manual_clinical,UKB_Resource593,Field 22130 COPD differential -> J44
Coxarthrosis [arthrosis of hip](FG),,,no_icd_mapping,,"Non-clinical phenotype: biomarker, imaging, lifestyle, or questionnaire field"
"Diagnoses - main ICD10: D12 Benign neoplasm of colon, rectum, anus and anal canal",D12,"Benign neoplasm of colon, rectum, anus and anal canal",exact_embedded,UKB_field_41202,Code extracted directly from UKB Diagnoses - main ICD10 field name (field 41202)
Diagnoses - main ICD10: G56 Mononeuropathies of upper limb,G56,Carpal tunnel syndrome,exact_embedded,UKB_field_41202,Code extracted directly from UKB Diagnoses - main ICD10 field name (field 41202)
Carpal tunnel syndrome,G56,Carpal tunnel syndrome,manual_clinical,UKB_Resource593,Self-reported code 1430 (carpal tunnel) -> G56
Episodal and paroxysmal disorders,G40,"Localization-related (focal) (partial) idiopathic epilepsy and epileptic syndromes with seizures of localized onset, not intractable",manual_clinical,Neale_GWAS_ICD10,Neale Lab ICD10 phenotype G40
"Nerve, nerve root and plexus disorders",G54,Nerve root and plexus disorders,manual_clinical,UKB_ICD10_Chapter,ICD10 block G50-G59
Diagnoses - main ICD10: H26 Other cataract,H26,Unspecified infantile and juvenile cataract,exact_embedded,UKB_field_41202,Code extracted directly from UKB Diagnoses - main ICD10 field name (field 41202)
Disorders of lens,H26,Unspecified infantile and juvenile cataract,manual_clinical,UKB_ICD10_Chapter,ICD10 block H25-H28 predominantly cataract
Diagnoses - main ICD10: I20 Angina pectoris,I20,Angina pectoris,exact_embedded,UKB_field_41202,Code extracted directly from UKB Diagnoses - main ICD10 field name (field 41202)
Diagnoses - main ICD10: I21 Acute myocardial infarction,I21,ST elevation (STEMI) myocardial infarction of anterior wall,exact_embedded,UKB_field_41202,Code extracted directly from UKB Diagnoses - main ICD10 field name (field 41202)
Diagnoses - main ICD10: I25 Chronic ischaemic heart disease,I25,Atherosclerotic heart disease of native coronary artery,exact_embedded,UKB_field_41202,Code extracted directly from UKB Diagnoses - main ICD10 field name (field 41202)
Diagnoses - main ICD10: I48 Atrial fibrillation and flutter,I48,Atrial fibrillation and flutter,exact_embedded,UKB_field_41202,Code extracted directly from UKB Diagnoses - main ICD10 field name (field 41202)
Diagnoses - main ICD10: I83 Varicose veins of lower extremities,I83,Varicose veins of unspecified lower extremity with ulcer,exact_embedded,UKB_field_41202,Code extracted directly from UKB Diagnoses - main ICD10 field name (field 41202)
Diagnoses - main ICD10: I84 Haemorrhoids,I84,Haemorrhoids,exact_embedded,UKB_field_41202,Code extracted directly from UKB Diagnoses - main ICD10 field name (field 41202)
Major coronary heart disease event,I25,Atherosclerotic heart disease of native coronary artery,manual_clinical,PMC9351180,Composite CHD endpoint (PMC9351180)
Coronary atherosclerosis,,,no_icd_mapping,,"Non-clinical phenotype: biomarker, imaging, lifestyle, or questionnaire field"
"Diseases of veins, lymphatic vessels and lymph nodes, not elsewhere classified",I89,Other noninfective disorders of lymphatic vessels and lymph nodes,manual_clinical,UKB_ICD10_Chapter,ICD10 block I80-I89
"Ischaemic heart disease, wide definition",I25,Atherosclerotic heart disease of native coronary artery,manual_clinical,PMC9351180,Broad IHD definition (PMC9351180)
Myocardial infarction,I21,ST elevation (STEMI) myocardial infarction of anterior wall,manual_clinical,UKB_Resource593,Field 20002 code 1075 -> I21
Any ICDMAIN event in hilmo or causes of death,,,no_icd_mapping,,"Non-clinical phenotype: biomarker, imaging, lifestyle, or questionnaire field"
Neoplasms,C80,Malignant neoplasm without specification of site,manual_clinical,UKB_ICD10_Chapter,ICD10 Chapter II broad category
Diseases of the circulatory system,I99,Other and unspecified disorders of circulatory system,manual_clinical,UKB_ICD10_Chapter,ICD10 Chapter IX broad category
"Disorders of gallbladder, biliary tract and pancreas",K80,Calculus of gallbladder with acute cholecystitis,manual_clinical,UKB_ICD10_Chapter,ICD10 block K80-K87; leading code K80
Hernia,,,no_icd_mapping,,"Non-clinical phenotype: biomarker, imaging, lifestyle, or questionnaire field"
Diagnoses - main ICD10: K21 Gastro-oesophageal reflux disease,K21,Gastro-esophageal reflux disease,exact_embedded,UKB_field_41202,Code extracted directly from UKB Diagnoses - main ICD10 field name (field 41202)
Diagnoses - main ICD10: K22 Other diseases of oesophagus,K22,Other diseases of esophagus,exact_embedded,UKB_field_41202,Code extracted directly from UKB Diagnoses - main ICD10 field name (field 41202)
Diagnoses - main ICD10: K40 Inguinal hernia,K40,"Bilateral inguinal hernia, with obstruction, without gangrene",exact_embedded,UKB_field_41202,Code extracted directly from UKB Diagnoses - main ICD10 field name (field 41202)
Diagnoses - main ICD10: K44 Diaphragmatic hernia,K44,Diaphragmatic hernia,exact_embedded,UKB_field_41202,Code extracted directly from UKB Diagnoses - main ICD10 field name (field 41202)
Diagnoses - main ICD10: K57 Diverticular disease of intestine,K57,Diverticulitis of small intestine with perforation and abscess,exact_embedded,UKB_field_41202,Code extracted directly from UKB Diagnoses - main ICD10 field name (field 41202)
Diagnoses - main ICD10: K80 Cholelithiasis,K80,Calculus of gallbladder with acute cholecystitis,exact_embedded,UKB_field_41202,Code extracted directly from UKB Diagnoses - main ICD10 field name (field 41202)
Gonarthrosis [arthrosis of knee](FG),,,no_icd_mapping,,"Non-clinical phenotype: biomarker, imaging, lifestyle, or questionnaire field"
Arthrosis,,,no_icd_mapping,,"Non-clinical phenotype: biomarker, imaging, lifestyle, or questionnaire field"
Dorsalgia,,,no_icd_mapping,,"Non-clinical phenotype: biomarker, imaging, lifestyle, or questionnaire field"
Hallux valgus (acquired),,,no_icd_mapping,,"Non-clinical phenotype: biomarker, imaging, lifestyle, or questionnaire field"
Low back pain,,,no_icd_mapping,,"Non-clinical phenotype: biomarker, imaging, lifestyle, or questionnaire field"
Meniscus derangement,,,no_icd_mapping,,"Non-clinical phenotype: biomarker, imaging, lifestyle, or questionnaire field"
Other joint disorders,M25,Hemarthrosis,manual_clinical,UKB_ICD10_Chapter,ICD10 block M20-M25
Diagnoses - main ICD10: M16 Coxarthrosis [arthrosis of hip],M16,Osteoarthritis of hip,exact_embedded,UKB_field_41202,Code extracted directly from UKB Diagnoses - main ICD10 field name (field 41202)
Diagnoses - main ICD10: M17 Gonarthrosis [arthrosis of knee],M17,Osteoarthritis of knee,exact_embedded,UKB_field_41202,Code extracted directly from UKB Diagnoses - main ICD10 field name (field 41202)
Diagnoses - main ICD10: M20 Acquired deformities of fingers and toes,M20,Unspecified deformity of finger(s),exact_embedded,UKB_field_41202,Code extracted directly from UKB Diagnoses - main ICD10 field name (field 41202)
Diagnoses - main ICD10: M23 Internal derangement of knee,M23,"Cystic meniscus, unspecified meniscus",exact_embedded,UKB_field_41202,Code extracted directly from UKB Diagnoses - main ICD10 field name (field 41202)
Diagnoses - main ICD10: M54 Dorsalgia,M54,Panniculitis affecting regions of neck and back,exact_embedded,UKB_field_41202,Code extracted directly from UKB Diagnoses - main ICD10 field name (field 41202)
Diagnoses - main ICD10: N39 Other disorders of urinary system,N39,Other disorders of urinary system,exact_embedded,UKB_field_41202,Code extracted directly from UKB Diagnoses - main ICD10 field name (field 41202)
Diagnoses - main ICD10: N81 Female genital prolapse,N81,Female genital prolapse,exact_embedded,UKB_field_41202,Code extracted directly from UKB Diagnoses - main ICD10 field name (field 41202)
Medication related adverse effects (Asthma/COPD),J44,Other chronic obstructive pulmonary disease,manual_clinical,UKB_Resource593,Medication adverse effects for asthma/COPD -> J44
Other pulmonary diagnosis,,,no_icd_mapping,,"Non-clinical phenotype: biomarker, imaging, lifestyle, or questionnaire field"
Diagnoses - main ICD10: R07 Pain in throat and chest,R07,Pain in throat and chest,exact_embedded,UKB_field_41202,Code extracted directly from UKB Diagnoses - main ICD10 field name (field 41202)
Diagnoses - main ICD10: R10 Abdominal and pelvic pain,R10,Abdominal and pelvic pain,exact_embedded,UKB_field_41202,Code extracted directly from UKB Diagnoses - main ICD10 field name (field 41202)
Diagnoses - main ICD10: R31 Unspecified haematuria,R31,Hematuria,exact_embedded,UKB_field_41202,Code extracted directly from UKB Diagnoses - main ICD10 field name (field 41202)
Diseases of the nervous system,G98,Other disorders of nervous system not elsewhere classified,manual_clinical,UKB_ICD10_Chapter,ICD10 Chapter VI broad category
Diseases of the eye and adnexa,H57,Anomalies of pupillary function,manual_clinical,UKB_ICD10_Chapter,ICD10 Chapter VII broad category
Diseases of the digestive system,K92,Other diseases of digestive system,manual_clinical,UKB_ICD10_Chapter,ICD10 Chapter XI broad category
Diseases of the musculoskeletal system and connective tissue,M99,Segmental and somatic dysfunction,manual_clinical,UKB_ICD10_Chapter,ICD10 Chapter XIII broad category
Diseases of the genitourinary system,N99,"Intraoperative and postprocedural complications and disorders of genitourinary system, not elsewhere classified",manual_clinical,UKB_ICD10_Chapter,ICD10 Chapter XIV broad category
"Injury, poisoning and certain other consequences of external causes",T98,Sequelae of other and unspecified effects of external causes,manual_clinical,UKB_ICD10_Chapter,ICD10 Chapter XIX broad category
"Symptoms, signs and abnormal clinical and laboratory findings, not elsewhere classified",,,no_icd_mapping,,"Non-clinical phenotype: biomarker, imaging, lifestyle, or questionnaire field"
